symbol,timestamp,open,high,low,close,volume,trade_count,vwap
TSLA,2024-09-10 04:00:00+00:00,220.07,226.4,218.6377,226.17,78891136.0,996256.0,222.916946
TSLA,2024-09-11 04:00:00+00:00,224.55,228.47,216.8003,228.13,83548633.0,1000721.0,222.682695
TSLA,2024-09-12 04:00:00+00:00,224.66,231.45,223.83,229.81,72020042.0,954671.0,229.004444
TSLA,2024-09-13 04:00:00+00:00,228.0,232.67,226.32,230.29,59515114.0,803426.0,229.618634
TSLA,2024-09-16 04:00:00+00:00,229.3,229.96,223.53,226.78,54322995.0,780722.0,227.091594
TSLA,2024-09-17 04:00:00+00:00,229.45,234.57,226.5533,227.87,66761636.0,838870.0,230.678221
TSLA,2024-09-18 04:00:00+00:00,230.09,235.68,226.88,227.2,78010204.0,965527.0,230.107879
TSLA,2024-09-19 04:00:00+00:00,234.0,244.24,232.13,243.92,102694576.0,1283390.0,240.726808
TSLA,2024-09-20 04:00:00+00:00,241.52,243.99,235.92,238.25,99879070.0,1024302.0,239.128476
TSLA,2024-09-23 04:00:00+00:00,242.61,250.0,241.92,250.0,86927194.0,1135399.0,248.056294
TSLA,2024-09-24 04:00:00+00:00,254.08,257.19,249.0501,254.27,88490999.0,1115225.0,253.310192
TSLA,2024-09-25 04:00:00+00:00,252.54,257.05,252.28,257.02,65034318.0,878573.0,255.366628
TSLA,2024-09-26 04:00:00+00:00,260.6,261.75,251.53,254.22,67142193.0,848598.0,255.794145
TSLA,2024-09-27 04:00:00+00:00,257.375,260.6999,254.12,260.46,70988067.0,933692.0,258.213429
TSLA,2024-09-30 04:00:00+00:00,259.04,264.86,255.77,261.63,80873381.0,1081088.0,260.055672
TSLA,2024-10-01 04:00:00+00:00,262.67,263.98,248.53,258.02,87397613.0,1158965.0,255.185076
TSLA,2024-10-02 04:00:00+00:00,247.55,251.1585,241.5,249.02,93988780.0,1255143.0,247.20837
TSLA,2024-10-03 04:00:00+00:00,244.48,249.79,237.81,240.66,80729240.0,1046594.0,242.906991
TSLA,2024-10-04 04:00:00+00:00,246.69,250.96,244.58,250.08,86726285.0,1105878.0,248.21465
TSLA,2024-10-07 04:00:00+00:00,249.0,249.83,240.7,240.83,68113270.0,1020620.0,244.246201
TSLA,2024-10-08 04:00:00+00:00,243.56,246.21,240.56,244.5,56303160.0,789918.0,244.17498
TSLA,2024-10-09 04:00:00+00:00,243.82,247.43,239.51,241.05,66289529.0,907028.0,243.504127
TSLA,2024-10-10 04:00:00+00:00,241.81,242.7899,232.34,238.77,83087063.0,1091415.0,238.918541
TSLA,2024-10-11 04:00:00+00:00,220.13,223.34,214.38,217.8,142628874.0,2106777.0,219.267879
TSLA,2024-10-14 04:00:00+00:00,220.13,221.91,213.74,219.16,86295523.0,1345399.0,218.408438
TSLA,2024-10-15 04:00:00+00:00,220.01,224.26,217.12,219.57,62988787.0,918555.0,220.587822
TSLA,2024-10-16 04:00:00+00:00,221.4,222.8199,218.93,221.33,49632824.0,733493.0,220.882636
TSLA,2024-10-17 04:00:00+00:00,221.59,222.08,217.9,220.89,50791784.0,751927.0,220.059449
TSLA,2024-10-18 04:00:00+00:00,220.71,222.28,219.23,220.7,49611867.0,689769.0,221.040776
TSLA,2024-10-21 04:00:00+00:00,218.9,220.48,215.726,218.85,47328988.0,817710.0,218.329742
TSLA,2024-10-22 04:00:00+00:00,217.31,218.22,215.26,217.97,43268741.0,727711.0,216.879015
TSLA,2024-10-23 04:00:00+00:00,217.125,218.72,212.11,213.65,80938892.0,1217483.0,214.936288
TSLA,2024-10-24 04:00:00+00:00,244.68,262.1199,242.65,260.48,204491903.0,2592173.0,253.716439
TSLA,2024-10-25 04:00:00+00:00,256.01,269.49,255.32,269.19,161611931.0,1911797.0,266.083265
TSLA,2024-10-28 04:00:00+00:00,270.0,273.536,262.24,262.51,107653603.0,1410052.0,268.354901
TSLA,2024-10-29 04:00:00+00:00,264.51,264.98,255.51,259.52,80521751.0,1099634.0,259.480108
TSLA,2024-10-30 04:00:00+00:00,258.035,263.35,255.8201,257.55,53993576.0,827316.0,260.459011
TSLA,2024-10-31 04:00:00+00:00,257.99,259.75,249.25,249.85,66575292.0,900186.0,252.608271
TSLA,2024-11-01 04:00:00+00:00,252.043,254.0,246.63,248.98,57544757.0,850441.0,249.993414
TSLA,2024-11-04 05:00:00+00:00,244.56,248.9,238.88,242.84,68802354.0,977682.0,244.200724
TSLA,2024-11-05 05:00:00+00:00,247.34,255.2799,246.2101,251.44,69282505.0,979572.0,252.227263
TSLA,2024-11-06 05:00:00+00:00,284.67,289.59,275.62,288.53,165228710.0,2645076.0,285.313577
TSLA,2024-11-07 05:00:00+00:00,288.89,299.75,285.52,296.91,117309232.0,1752205.0,295.600446
TSLA,2024-11-08 05:00:00+00:00,299.14,328.71,297.66,321.22,204782763.0,2910016.0,316.692769
TSLA,2024-11-11 05:00:00+00:00,346.3,358.64,336.0,350.0,210521625.0,3203855.0,346.387775
TSLA,2024-11-12 05:00:00+00:00,342.74,345.84,323.31,328.49,155726016.0,2435545.0,334.345325
TSLA,2024-11-13 05:00:00+00:00,335.85,344.5999,322.5,330.24,125405599.0,1770604.0,331.377575
TSLA,2024-11-14 05:00:00+00:00,327.69,329.98,310.37,311.18,120726109.0,1702771.0,317.517044
TSLA,2024-11-15 05:00:00+00:00,310.57,324.6799,309.22,320.72,114440286.0,1499022.0,318.353991
TSLA,2024-11-18 05:00:00+00:00,340.73,348.5499,330.01,338.74,126620574.0,1765754.0,340.421148
TSLA,2024-11-19 05:00:00+00:00,335.76,347.3799,332.75,346.0,88852452.0,1227344.0,342.868436
TSLA,2024-11-20 05:00:00+00:00,345.0,346.5999,334.3,342.03,66205416.0,961035.0,339.645857
TSLA,2024-11-21 05:00:00+00:00,343.81,347.9899,335.28,339.64,58011719.0,894804.0,341.890929
TSLA,2024-11-22 05:00:00+00:00,341.085,361.53,337.7,352.56,89140722.0,1211368.0,350.210598
TSLA,2024-11-25 05:00:00+00:00,360.14,361.93,338.2,338.59,95890899.0,1352217.0,349.279085
TSLA,2024-11-26 05:00:00+00:00,341.0,346.96,335.66,338.23,62295857.0,900077.0,341.486449
TSLA,2024-11-27 05:00:00+00:00,341.8,342.55,326.59,332.89,57896439.0,878200.0,333.076521
TSLA,2024-11-29 05:00:00+00:00,336.08,345.45,334.6501,345.16,37167621.0,519477.0,340.31644
TSLA,2024-12-02 05:00:00+00:00,352.38,360.0,351.1501,357.09,77986478.0,1117599.0,355.988891
TSLA,2024-12-03 05:00:00+00:00,351.8,355.69,348.2,351.42,58267196.0,834919.0,350.981238
TSLA,2024-12-04 05:00:00+00:00,353.0,358.1,348.6,357.93,50810874.0,706523.0,353.008985
TSLA,2024-12-05 05:00:00+00:00,359.87,375.43,359.5,369.49,81403569.0,1212221.0,370.295775
TSLA,2024-12-06 05:00:00+00:00,377.42,389.49,370.8,389.22,81455834.0,1145513.0,378.435864
TSLA,2024-12-09 05:00:00+00:00,397.61,404.8,378.01,389.79,96359173.0,1488655.0,388.888046
TSLA,2024-12-10 05:00:00+00:00,392.68,409.73,390.85,400.99,97563578.0,1458459.0,403.376888
TSLA,2024-12-11 05:00:00+00:00,409.7,424.88,402.38,424.77,104287559.0,1533094.0,414.821737
TSLA,2024-12-12 05:00:00+00:00,424.84,429.3,415.0,418.1,87752225.0,1397331.0,421.696696
TSLA,2024-12-13 05:00:00+00:00,420.0,436.3,415.71,436.23,89000158.0,1319682.0,428.340815
TSLA,2024-12-16 05:00:00+00:00,441.09,463.19,436.15,463.02,114083811.0,1906382.0,453.075452
TSLA,2024-12-17 05:00:00+00:00,475.9,483.99,457.5101,479.86,131222978.0,2228464.0,473.779226
TSLA,2024-12-18 05:00:00+00:00,466.495,488.5399,427.01,440.13,149340788.0,2544060.0,462.408782
TSLA,2024-12-19 05:00:00+00:00,451.88,456.36,420.02,436.17,118566146.0,1977577.0,437.747352
TSLA,2024-12-20 05:00:00+00:00,425.505,447.08,417.64,421.06,132216176.0,1816629.0,431.669349
TSLA,2024-12-23 05:00:00+00:00,431.0,434.51,415.4112,430.6,72698055.0,1187250.0,428.677054
TSLA,2024-12-24 05:00:00+00:00,435.9,462.78,435.14,462.28,59551750.0,936767.0,451.6592
TSLA,2024-12-26 05:00:00+00:00,465.16,465.3299,451.02,454.13,76651210.0,1251616.0,456.515136
TSLA,2024-12-27 05:00:00+00:00,449.52,450.0,426.5,431.66,82666821.0,1352471.0,434.553184
TSLA,2024-12-30 05:00:00+00:00,419.4,427.0,415.75,417.41,64941012.0,1178088.0,420.769552
TSLA,2024-12-31 05:00:00+00:00,423.79,427.93,402.54,403.84,76825121.0,1214553.0,413.079198
TSLA,2025-01-02 05:00:00+00:00,390.1,392.7299,373.04,379.28,109710749.0,2134259.0,380.93662
TSLA,2025-01-03 05:00:00+00:00,381.48,411.8799,379.45,410.44,95423329.0,1446053.0,397.358166
TSLA,2025-01-06 05:00:00+00:00,423.2,426.43,401.7,411.05,85516534.0,1538768.0,411.926339
TSLA,2025-01-07 05:00:00+00:00,405.83,414.33,390.0,394.36,75699525.0,1307364.0,397.553043
TSLA,2025-01-08 05:00:00+00:00,392.95,402.4999,387.4,394.94,73038805.0,1053233.0,395.503484
UNH,2024-09-10 04:00:00+00:00,595.21,604.7992,591.15,599.03,2863494.0,57104.0,599.927658
UNH,2024-09-11 04:00:00+00:00,589.14,591.4,578.97,589.75,3563783.0,76737.0,587.048791
UNH,2024-09-12 04:00:00+00:00,588.53,590.51,583.21,588.42,3395835.0,65615.0,587.600083
UNH,2024-09-13 04:00:00+00:00,591.08,597.68,587.23,594.32,2242003.0,50682.0,594.329565
UNH,2024-09-16 04:00:00+00:00,595.0,598.79,587.76,589.14,2548647.0,56892.0,590.739779
UNH,2024-09-17 04:00:00+00:00,586.01,586.715,576.39,577.96,3415975.0,68936.0,580.199814
UNH,2024-09-18 04:00:00+00:00,576.86,584.52,572.31,580.65,2988303.0,58402.0,580.22135
UNH,2024-09-19 04:00:00+00:00,583.72,584.83,574.58,577.07,2945679.0,78261.0,577.670645
UNH,2024-09-20 04:00:00+00:00,571.695,578.84,569.65,575.0,5398749.0,66865.0,574.451844
UNH,2024-09-23 04:00:00+00:00,576.49,579.435,572.0,573.41,2386142.0,53896.0,574.011843
UNH,2024-09-24 04:00:00+00:00,570.82,577.31,566.0,575.19,3188511.0,68755.0,574.202679
UNH,2024-09-25 04:00:00+00:00,577.87,581.11,573.08,576.31,2658894.0,60876.0,576.166913
UNH,2024-09-26 04:00:00+00:00,575.0,576.6,570.91,574.81,2751960.0,63507.0,574.193247
UNH,2024-09-27 04:00:00+00:00,577.68,586.71,576.59,581.85,2986238.0,60936.0,581.630356
UNH,2024-09-30 04:00:00+00:00,583.5,586.42,578.74,584.68,3009766.0,57693.0,584.016707
UNH,2024-10-01 04:00:00+00:00,585.0,588.7,580.765,583.3,2648628.0,64760.0,584.858973
UNH,2024-10-02 04:00:00+00:00,604.26,604.52,584.25,592.31,3667113.0,94812.0,592.65889
UNH,2024-10-03 04:00:00+00:00,590.61,593.23,584.365,592.75,2645877.0,60094.0,590.586976
UNH,2024-10-04 04:00:00+00:00,592.13,596.13,588.4399,591.2,2463201.0,59807.0,591.216973
UNH,2024-10-07 04:00:00+00:00,588.79,592.44,583.33,583.56,2591083.0,58295.0,586.276254
UNH,2024-10-08 04:00:00+00:00,588.06,589.21,579.56,581.58,2231446.0,56639.0,582.447467
UNH,2024-10-09 04:00:00+00:00,582.16,592.7999,580.6139,591.22,2207858.0,53321.0,589.181513
UNH,2024-10-10 04:00:00+00:00,595.18,598.95,592.76,597.7,2143284.0,61050.0,596.411563
UNH,2024-10-11 04:00:00+00:00,596.49,601.5225,596.2,598.05,1909733.0,51048.0,598.395671
UNH,2024-10-14 04:00:00+00:00,599.11,608.63,597.38,605.4,2447087.0,68436.0,604.576866
UNH,2024-10-15 04:00:00+00:00,552.02,569.7,543.0,556.29,11939357.0,256083.0,556.207879
UNH,2024-10-16 04:00:00+00:00,557.01,576.1799,555.12,571.34,5103928.0,113545.0,570.866543
UNH,2024-10-17 04:00:00+00:00,560.58,569.47,558.72,566.03,5588677.0,104924.0,564.818467
UNH,2024-10-18 04:00:00+00:00,566.85,570.95,563.0357,569.61,3687045.0,78396.0,567.606202
UNH,2024-10-21 04:00:00+00:00,569.64,579.275,568.7,571.47,3018013.0,75913.0,573.332492
UNH,2024-10-22 04:00:00+00:00,567.85,573.04,565.49,569.86,2594048.0,54571.0,569.777568
UNH,2024-10-23 04:00:00+00:00,572.13,574.14,560.0,564.64,2912085.0,67549.0,566.366268
UNH,2024-10-24 04:00:00+00:00,564.99,571.7,560.31,560.81,2590197.0,63097.0,563.796753
UNH,2024-10-25 04:00:00+00:00,566.16,571.5,563.61,564.56,2513728.0,60624.0,566.56182
UNH,2024-10-28 04:00:00+00:00,566.25,568.33,562.81,565.24,1826559.0,50408.0,565.428288
UNH,2024-10-29 04:00:00+00:00,562.82,567.68,560.655,562.13,2600448.0,64812.0,563.071612
UNH,2024-10-30 04:00:00+00:00,561.25,570.311,560.95,562.96,2323558.0,59482.0,564.389063
UNH,2024-10-31 04:00:00+00:00,560.88,568.45,560.88,564.5,2490014.0,59938.0,565.415762
UNH,2024-11-01 04:00:00+00:00,565.12,570.325,563.9,567.56,2548368.0,59911.0,567.786757
UNH,2024-11-04 05:00:00+00:00,566.74,568.59,555.415,557.77,2656777.0,73021.0,558.237787
UNH,2024-11-05 05:00:00+00:00,558.28,568.74,554.4,567.03,2608133.0,61444.0,565.378013
UNH,2024-11-06 05:00:00+00:00,603.895,605.5,590.8501,596.69,6591301.0,142596.0,598.196312
UNH,2024-11-07 05:00:00+00:00,598.69,607.6418,596.15,605.45,5254274.0,91564.0,603.647749
UNH,2024-11-08 05:00:00+00:00,609.0,619.8,605.2,615.81,3875838.0,84200.0,615.604438
UNH,2024-11-11 05:00:00+00:00,616.895,630.73,613.9225,625.25,3003242.0,72905.0,625.161773
UNH,2024-11-12 05:00:00+00:00,619.58,624.48,613.775,614.67,2809603.0,68272.0,616.62552
UNH,2024-11-13 05:00:00+00:00,613.0,613.005,603.06,605.87,3409793.0,70621.0,606.656682
UNH,2024-11-14 05:00:00+00:00,603.48,606.0,588.99,593.15,3079199.0,73112.0,594.919363
UNH,2024-11-15 05:00:00+00:00,591.92,598.93,589.95,592.23,3423919.0,69041.0,592.676096
UNH,2024-11-18 05:00:00+00:00,589.44,594.14,585.32,589.65,2577124.0,60828.0,589.890222
UNH,2024-11-19 05:00:00+00:00,582.72,586.835,576.77,577.0,3198346.0,70866.0,579.509912
UNH,2024-11-20 05:00:00+00:00,582.71,602.6436,581.55,600.5,3928654.0,88944.0,595.388954
UNH,2024-11-21 05:00:00+00:00,600.0,604.0,596.73,597.49,2722929.0,63600.0,599.434065
UNH,2024-11-22 05:00:00+00:00,598.56,601.26,588.675,590.87,3198124.0,62113.0,592.220337
UNH,2024-11-25 05:00:00+00:00,597.58,609.84,595.01,605.83,5146485.0,72767.0,604.622985
UNH,2024-11-26 05:00:00+00:00,608.24,608.47,598.88,606.79,2693612.0,60403.0,605.189913
UNH,2024-11-27 05:00:00+00:00,611.03,617.45,606.7,608.38,2269792.0,59058.0,610.666092
UNH,2024-11-29 05:00:00+00:00,608.8,615.78,606.62,610.2,2010812.0,37928.0,611.41705
UNH,2024-12-02 05:00:00+00:00,614.0,614.0,600.77,608.52,3365099.0,62011.0,606.700754
UNH,2024-12-03 05:00:00+00:00,610.85,615.75,604.82,605.23,2329878.0,51786.0,607.322923
UNH,2024-12-04 05:00:00+00:00,611.02,622.83,606.97,610.79,4147575.0,84620.0,612.404605
UNH,2024-12-05 05:00:00+00:00,605.64,608.9899,573.885,578.97,5943684.0,143193.0,583.851992
UNH,2024-12-06 05:00:00+00:00,582.105,582.105,544.1401,549.62,13003644.0,256164.0,553.438353
UNH,2024-12-09 05:00:00+00:00,552.0,562.98,544.6412,560.62,7684650.0,157931.0,555.566466
UNH,2024-12-10 05:00:00+00:00,562.0,567.7499,557.0301,565.19,5360590.0,115481.0,563.569771
UNH,2024-12-11 05:00:00+00:00,555.655,558.1,532.67,533.53,10362991.0,189291.0,537.359122
UNH,2024-12-12 05:00:00+00:00,531.53,534.0,514.19,515.76,9403795.0,182113.0,521.921685
UNH,2024-12-13 05:00:00+00:00,515.64,527.53,510.72,520.48,8202905.0,143095.0,520.679931
UNH,2024-12-16 05:00:00+00:00,518.0,521.7,496.08,498.5,8879986.0,194285.0,505.031459
UNH,2024-12-17 05:00:00+00:00,487.0,495.6,475.82,485.52,14132661.0,281389.0,483.172547
UNH,2024-12-18 05:00:00+00:00,488.43,506.535,486.0,499.72,10147601.0,180375.0,500.22001
UNH,2024-12-19 05:00:00+00:00,500.14,503.65,486.24,489.25,7418073.0,141566.0,491.663795
UNH,2024-12-20 05:00:00+00:00,489.29,502.64,488.73,500.13,10956886.0,126856.0,497.875469
UNH,2024-12-23 05:00:00+00:00,500.76,508.78,499.05,506.34,4285978.0,91539.0,505.415722
UNH,2024-12-24 05:00:00+00:00,504.4,506.1,500.59,506.1,1824393.0,43031.0,504.233104
UNH,2024-12-26 05:00:00+00:00,505.65,512.22,504.73,511.15,3387986.0,70609.0,510.111429
UNH,2024-12-27 05:00:00+00:00,509.42,513.18,507.8,509.99,3471799.0,72074.0,509.666522
UNH,2024-12-30 05:00:00+00:00,506.86,509.73,500.66,507.8,5409047.0,97645.0,506.804092
UNH,2024-12-31 05:00:00+00:00,509.35,511.0,503.34,505.86,4214367.0,83239.0,506.145735
UNH,2025-01-02 05:00:00+00:00,508.0,512.11,503.2901,504.51,4237395.0,79656.0,505.621627
UNH,2025-01-03 05:00:00+00:00,506.35,516.29,505.38,513.0,3020428.0,70470.0,513.244311
UNH,2025-01-06 05:00:00+00:00,513.0,520.3,509.8225,513.67,4444836.0,78166.0,514.438387
UNH,2025-01-07 05:00:00+00:00,518.85,519.5,511.22,514.25,3914545.0,70491.0,514.534204
UNH,2025-01-08 05:00:00+00:00,514.495,524.67,509.5123,524.52,4141728.0,78315.0,521.416611
AMZN,2024-09-10 04:00:00+00:00,177.49,180.5,176.79,179.55,36233796.0,419587.0,179.131294
AMZN,2024-09-11 04:00:00+00:00,180.095,184.99,175.73,184.52,42564698.0,465492.0,181.233654
AMZN,2024-09-12 04:00:00+00:00,184.8,187.41,183.54,187.0,33622483.0,431083.0,185.973988
AMZN,2024-09-13 04:00:00+00:00,187.0,188.5,185.91,186.49,26495351.0,338171.0,187.149999
AMZN,2024-09-16 04:00:00+00:00,185.29,185.81,183.36,184.89,26065485.0,353780.0,184.647174
AMZN,2024-09-17 04:00:00+00:00,186.85,189.45,186.14,186.88,26091682.0,351410.0,187.543776
AMZN,2024-09-18 04:00:00+00:00,186.45,188.8,185.06,186.43,34448130.0,381348.0,186.784253
AMZN,2024-09-19 04:00:00+00:00,190.04,190.99,188.47,189.87,39543168.0,422926.0,189.674466
AMZN,2024-09-20 04:00:00+00:00,190.23,191.84,187.41,191.6,100378553.0,430701.0,190.944634
AMZN,2024-09-23 04:00:00+00:00,191.64,194.45,190.57,193.88,36993111.0,405139.0,193.130805
AMZN,2024-09-24 04:00:00+00:00,194.27,195.37,190.13,193.96,43478926.0,404498.0,193.068772
AMZN,2024-09-25 04:00:00+00:00,193.75,193.9498,192.16,192.53,26391144.0,320595.0,192.811622
AMZN,2024-09-26 04:00:00+00:00,194.31,194.53,189.54,191.16,36334854.0,411701.0,191.298051
AMZN,2024-09-27 04:00:00+00:00,190.68,190.9,187.34,187.97,36002316.0,401802.0,188.575538
AMZN,2024-09-30 04:00:00+00:00,187.14,188.49,184.65,186.33,41680400.0,440558.0,186.150751
AMZN,2024-10-01 04:00:00+00:00,184.9,186.19,183.4519,185.13,36044906.0,440041.0,184.671303
AMZN,2024-10-02 04:00:00+00:00,184.44,186.6,184.04,184.76,23704056.0,314477.0,185.149149
AMZN,2024-10-03 04:00:00+00:00,183.045,183.44,180.875,181.96,30204302.0,398492.0,182.176688
AMZN,2024-10-04 04:00:00+00:00,185.75,187.6,183.6,186.51,41079011.0,431150.0,185.682658
AMZN,2024-10-07 04:00:00+00:00,182.95,183.6,180.25,180.8,42364201.0,520248.0,181.238081
AMZN,2024-10-08 04:00:00+00:00,181.915,183.09,180.92,182.72,26372086.0,314225.0,182.325988
AMZN,2024-10-09 04:00:00+00:00,182.82,185.845,182.05,185.17,26343117.0,345913.0,184.484555
AMZN,2024-10-10 04:00:00+00:00,187.13,188.134,185.83,186.65,27785043.0,353745.0,186.894842
AMZN,2024-10-11 04:00:00+00:00,186.63,189.9284,186.3,188.82,25751557.0,342262.0,188.804012
AMZN,2024-10-14 04:00:00+00:00,189.78,189.83,187.36,187.54,22614407.0,328273.0,188.206384
AMZN,2024-10-15 04:00:00+00:00,187.63,188.41,184.58,187.69,32178925.0,433036.0,186.847873
AMZN,2024-10-16 04:00:00+00:00,187.05,187.78,185.61,186.89,23456812.0,325887.0,186.637801
AMZN,2024-10-17 04:00:00+00:00,188.22,188.94,186.0,187.53,25039414.0,327337.0,187.660279
AMZN,2024-10-18 04:00:00+00:00,187.15,190.74,186.28,188.99,37417670.0,375969.0,189.053917
AMZN,2024-10-21 04:00:00+00:00,188.05,189.46,186.4,189.07,24639393.0,329960.0,188.275255
AMZN,2024-10-22 04:00:00+00:00,188.35,191.5201,186.975,189.7,29650593.0,333875.0,189.72409
AMZN,2024-10-23 04:00:00+00:00,188.85,189.16,183.69,184.71,31937089.0,402057.0,185.717762
AMZN,2024-10-24 04:00:00+00:00,185.25,187.11,183.86,186.38,21647395.0,300448.0,186.113192
AMZN,2024-10-25 04:00:00+00:00,187.85,190.45,187.53,187.83,29362060.0,357522.0,188.777034
AMZN,2024-10-28 04:00:00+00:00,189.565,190.21,188.21,188.39,27930836.0,330722.0,189.114962
AMZN,2024-10-29 04:00:00+00:00,188.58,191.4599,187.815,190.83,35690158.0,371710.0,190.165679
AMZN,2024-10-30 04:00:00+00:00,194.695,195.61,192.42,192.73,37707550.0,478472.0,193.585056
AMZN,2024-10-31 04:00:00+00:00,190.51,190.6,185.23,186.4,75146759.0,836777.0,186.857894
AMZN,2024-11-01 04:00:00+00:00,199.0,200.5,197.02,197.93,99687847.0,1003136.0,198.913294
AMZN,2024-11-04 05:00:00+00:00,196.45,197.33,194.3101,195.78,38492062.0,476483.0,195.945663
AMZN,2024-11-05 05:00:00+00:00,196.04,199.82,195.99,199.5,30564784.0,372051.0,198.463943
AMZN,2024-11-06 05:00:00+00:00,200.01,207.55,199.14,207.09,72292167.0,848126.0,204.476499
AMZN,2024-11-07 05:00:00+00:00,207.44,212.25,207.19,210.05,52878383.0,610078.0,210.166261
AMZN,2024-11-08 05:00:00+00:00,209.72,209.9633,207.44,208.18,36075846.0,443816.0,208.659371
AMZN,2024-11-11 05:00:00+00:00,208.5,209.65,205.59,206.84,35456012.0,424873.0,206.823336
AMZN,2024-11-12 05:00:00+00:00,208.37,209.54,206.01,208.91,38942918.0,476724.0,207.996487
AMZN,2024-11-13 05:00:00+00:00,209.4,215.09,209.14,214.1,46212943.0,529093.0,212.925122
AMZN,2024-11-14 05:00:00+00:00,214.16,215.9,210.88,211.48,42620309.0,463284.0,212.409936
AMZN,2024-11-15 05:00:00+00:00,206.76,207.34,199.61,202.61,86591144.0,968372.0,203.286109
AMZN,2024-11-18 05:00:00+00:00,204.15,204.67,200.95,201.7,36523187.0,425926.0,202.510338
AMZN,2024-11-19 05:00:00+00:00,199.33,205.3,198.78,204.61,31213867.0,383404.0,203.362035
AMZN,2024-11-20 05:00:00+00:00,202.98,203.13,199.45,202.88,32714325.0,405826.0,201.633315
AMZN,2024-11-21 05:00:00+00:00,203.49,203.49,195.75,198.38,58800042.0,736592.0,198.664862
AMZN,2024-11-22 05:00:00+00:00,198.25,199.2599,196.75,197.12,31530844.0,402719.0,197.577951
AMZN,2024-11-25 05:00:00+00:00,199.28,201.9499,199.0,201.45,40685672.0,427416.0,200.853943
AMZN,2024-11-26 05:00:00+00:00,201.9,208.0,201.79,207.86,41673737.0,496396.0,206.345013
AMZN,2024-11-27 05:00:00+00:00,206.98,207.64,205.05,205.74,28061638.0,350396.0,206.067105
AMZN,2024-11-29 05:00:00+00:00,205.83,208.2,204.59,207.89,24892447.0,263735.0,206.739477
AMZN,2024-12-02 05:00:00+00:00,209.96,212.99,209.5101,210.71,39523185.0,461819.0,210.995323
AMZN,2024-12-03 05:00:00+00:00,210.31,214.02,209.65,213.44,32214828.0,379348.0,212.610268
AMZN,2024-12-04 05:00:00+00:00,215.96,220.0,215.75,218.16,48745716.0,553276.0,218.206456
AMZN,2024-12-05 05:00:00+00:00,218.03,222.15,217.3,220.55,41140220.0,463440.0,220.157019
AMZN,2024-12-06 05:00:00+00:00,220.75,227.15,220.6,227.03,44178069.0,524366.0,225.078902
AMZN,2024-12-09 05:00:00+00:00,227.21,230.08,225.67,226.09,46819363.0,572754.0,227.756626
AMZN,2024-12-10 05:00:00+00:00,226.09,229.06,224.2002,225.04,31199864.0,417668.0,226.231157
AMZN,2024-12-11 05:00:00+00:00,226.41,231.2,226.26,230.26,35385785.0,427394.0,229.86771
AMZN,2024-12-12 05:00:00+00:00,229.83,231.09,227.63,228.97,28204084.0,342638.0,229.336064
AMZN,2024-12-13 05:00:00+00:00,228.4,230.2,225.8608,227.46,28768080.0,362555.0,227.837805
AMZN,2024-12-16 05:00:00+00:00,230.23,233.0,228.01,232.93,37552096.0,430659.0,231.50609
AMZN,2024-12-17 05:00:00+00:00,232.39,232.73,227.85,231.15,35948131.0,433266.0,230.751373
AMZN,2024-12-18 05:00:00+00:00,230.77,231.3999,220.11,220.52,43281443.0,529103.0,225.263471
AMZN,2024-12-19 05:00:00+00:00,224.91,226.09,222.92,223.29,39918739.0,466361.0,224.145012
AMZN,2024-12-20 05:00:00+00:00,219.84,226.21,218.73,224.92,88279184.0,456278.0,223.743977
AMZN,2024-12-23 05:00:00+00:00,225.01,226.88,223.9,225.06,28070007.0,321899.0,225.269995
AMZN,2024-12-24 05:00:00+00:00,226.94,229.14,226.13,229.05,15007497.0,203039.0,228.37807
AMZN,2024-12-26 05:00:00+00:00,228.5,228.5,226.6706,227.05,16174500.0,262085.0,227.596267
AMZN,2024-12-27 05:00:00+00:00,225.6,226.03,220.9,223.75,27367147.0,381077.0,223.008234
AMZN,2024-12-30 05:00:00+00:00,220.06,222.9972,218.43,221.3,28321240.0,371497.0,220.800359
AMZN,2024-12-31 05:00:00+00:00,222.965,223.2299,218.94,219.39,24819655.0,308613.0,220.32516
AMZN,2025-01-02 05:00:00+00:00,222.03,225.15,218.19,220.22,33956579.0,449631.0,221.283919
AMZN,2025-01-03 05:00:00+00:00,222.505,225.36,221.62,224.19,27515606.0,346976.0,223.791212
AMZN,2025-01-06 05:00:00+00:00,226.78,228.835,224.84,227.61,31849831.0,410686.0,227.133643
AMZN,2025-01-07 05:00:00+00:00,227.9,228.381,221.46,222.11,28084164.0,379570.0,223.408195
AMZN,2025-01-08 05:00:00+00:00,223.185,223.52,220.2,222.13,25033292.0,325539.0,222.044802
JPM,2024-09-10 04:00:00+00:00,218.6,218.64,200.61,205.56,28406903.0,364840.0,205.14704
JPM,2024-09-11 04:00:00+00:00,205.25,207.7,201.831,207.23,13658743.0,196183.0,205.300892
JPM,2024-09-12 04:00:00+00:00,207.65,208.78,204.89,206.6,9055756.0,135248.0,206.46445
JPM,2024-09-13 04:00:00+00:00,206.86,207.8482,203.02,204.32,10226694.0,162247.0,204.894445
JPM,2024-09-16 04:00:00+00:00,205.83,208.21,205.59,207.86,8634936.0,122760.0,207.262665
JPM,2024-09-17 04:00:00+00:00,207.73,209.93,207.66,209.25,7573345.0,121870.0,208.886686
JPM,2024-09-18 04:00:00+00:00,209.01,211.3361,206.7,207.53,8259876.0,146212.0,208.126294
JPM,2024-09-19 04:00:00+00:00,209.78,211.91,207.34,210.48,11635168.0,161513.0,210.261505
JPM,2024-09-20 04:00:00+00:00,209.93,211.415,209.5,211.09,20884974.0,123058.0,210.777357
JPM,2024-09-23 04:00:00+00:00,211.0,211.8,209.99,211.44,7223491.0,98324.0,211.171865
JPM,2024-09-24 04:00:00+00:00,211.15,212.95,210.37,211.59,7323239.0,94257.0,211.585063
JPM,2024-09-25 04:00:00+00:00,211.68,212.24,208.61,210.19,8976520.0,108489.0,210.076544
JPM,2024-09-26 04:00:00+00:00,211.13,211.7,209.01,209.78,7807480.0,117271.0,210.114737
JPM,2024-09-27 04:00:00+00:00,210.65,212.44,209.33,210.5,7032450.0,96822.0,210.69266
JPM,2024-09-30 04:00:00+00:00,206.31,210.96,205.26,210.86,8668314.0,122207.0,209.54186
JPM,2024-10-01 04:00:00+00:00,208.9,209.09,206.19,207.04,8540064.0,135878.0,207.420417
JPM,2024-10-02 04:00:00+00:00,207.08,208.95,205.69,207.29,5810931.0,103661.0,207.432112
JPM,2024-10-03 04:00:00+00:00,206.17,206.49,204.34,205.23,7251325.0,118393.0,205.209282
JPM,2024-10-04 04:00:00+00:00,209.3,211.67,206.91,211.22,10213415.0,135153.0,209.759233
JPM,2024-10-07 04:00:00+00:00,211.03,213.33,209.69,210.93,6718898.0,118681.0,211.247805
JPM,2024-10-08 04:00:00+00:00,210.58,211.33,208.38,210.75,6021772.0,97284.0,210.346156
JPM,2024-10-09 04:00:00+00:00,209.7,214.24,209.38,213.42,7023998.0,108558.0,213.056425
JPM,2024-10-10 04:00:00+00:00,214.81,214.81,211.47,212.84,7927051.0,119508.0,212.851379
JPM,2024-10-11 04:00:00+00:00,215.67,224.6299,215.16,222.29,18320650.0,251286.0,222.195013
JPM,2024-10-14 04:00:00+00:00,223.2,223.7,218.88,221.48,9048925.0,135642.0,220.831217
JPM,2024-10-15 04:00:00+00:00,223.66,225.45,221.82,222.39,9235825.0,151091.0,223.30389
JPM,2024-10-16 04:00:00+00:00,222.33,223.68,221.04,223.64,6382515.0,116237.0,222.849945
JPM,2024-10-17 04:00:00+00:00,224.27,225.85,223.31,224.42,6470186.0,116060.0,224.779304
JPM,2024-10-18 04:00:00+00:00,225.0,225.92,223.1,225.37,7000543.0,100385.0,225.104172
JPM,2024-10-21 04:00:00+00:00,225.22,225.7,222.9,223.0,5869959.0,99627.0,223.593904
JPM,2024-10-22 04:00:00+00:00,223.02,225.28,221.1,224.12,9586793.0,137632.0,223.728388
JPM,2024-10-23 04:00:00+00:00,223.66,224.7999,222.53,223.41,6180528.0,97513.0,223.614268
JPM,2024-10-24 04:00:00+00:00,221.83,225.06,221.66,224.98,6002202.0,91620.0,223.97765
JPM,2024-10-25 04:00:00+00:00,225.0,225.62,220.875,222.31,6369720.0,100336.0,222.645101
JPM,2024-10-28 04:00:00+00:00,223.35,225.64,222.95,225.5,6842956.0,86006.0,224.907519
JPM,2024-10-29 04:00:00+00:00,225.21,226.75,222.81,222.9,6580004.0,96336.0,223.659071
JPM,2024-10-30 04:00:00+00:00,222.54,226.31,221.58,224.41,7110941.0,109454.0,224.752844
JPM,2024-10-31 04:00:00+00:00,224.7,225.69,221.82,221.92,7829932.0,109890.0,222.907185
JPM,2024-11-01 04:00:00+00:00,223.56,226.15,222.7,222.94,6923452.0,111216.0,224.148479
JPM,2024-11-04 05:00:00+00:00,222.65,223.76,219.17,219.78,8229588.0,115955.0,220.577632
JPM,2024-11-05 05:00:00+00:00,220.03,221.96,220.0,221.49,5600686.0,96449.0,221.058722
JPM,2024-11-06 05:00:00+00:00,235.0,248.0,234.77,247.06,23987753.0,334869.0,243.455463
JPM,2024-11-07 05:00:00+00:00,244.5,244.57,235.22,236.38,16451071.0,244024.0,238.224443
JPM,2024-11-08 05:00:00+00:00,239.34,239.34,235.78,236.98,9502100.0,141032.0,237.554169
JPM,2024-11-11 05:00:00+00:00,240.0,242.1,239.0,239.29,9017079.0,129737.0,240.139358
JPM,2024-11-12 05:00:00+00:00,240.55,241.46,238.76,239.56,6860956.0,120313.0,239.824807
JPM,2024-11-13 05:00:00+00:00,240.58,244.09,240.31,241.16,11472557.0,118090.0,241.852113
JPM,2024-11-14 05:00:00+00:00,242.415,244.29,241.05,241.87,10172202.0,114876.0,242.348336
JPM,2024-11-15 05:00:00+00:00,241.46,246.42,241.46,245.31,11518836.0,148014.0,244.936095
JPM,2024-11-18 05:00:00+00:00,247.76,247.93,242.68,245.03,9052575.0,116188.0,245.025053
JPM,2024-11-19 05:00:00+00:00,242.25,245.1509,241.55,243.09,6792660.0,104729.0,243.466744
JPM,2024-11-20 05:00:00+00:00,244.4,244.61,238.64,240.78,9013603.0,104760.0,240.626392
JPM,2024-11-21 05:00:00+00:00,243.23,245.49,242.105,244.76,8783516.0,114974.0,244.28536
JPM,2024-11-22 05:00:00+00:00,243.61,249.15,243.0347,248.55,7997307.0,111280.0,247.995451
JPM,2024-11-25 05:00:00+00:00,249.59,254.31,249.06,250.29,10295350.0,114513.0,250.18618
JPM,2024-11-26 05:00:00+00:00,250.49,251.0,248.34,249.97,6212142.0,91630.0,249.668707
JPM,2024-11-27 05:00:00+00:00,249.35,251.19,248.771,249.79,5472265.0,82760.0,249.871463
JPM,2024-11-29 05:00:00+00:00,249.86,251.77,249.445,249.72,5494825.0,67560.0,250.362516
JPM,2024-12-02 05:00:00+00:00,249.55,250.25,245.03,246.25,8899741.0,122265.0,246.600178
JPM,2024-12-03 05:00:00+00:00,248.23,249.04,244.63,244.82,6657694.0,104470.0,245.996509
JPM,2024-12-04 05:00:00+00:00,244.7,245.345,242.23,243.4,7346265.0,103998.0,243.413858
JPM,2024-12-05 05:00:00+00:00,245.39,247.18,244.62,245.48,6572536.0,100872.0,245.895517
JPM,2024-12-06 05:00:00+00:00,245.7,247.74,244.84,247.36,5519738.0,89890.0,246.710522
JPM,2024-12-09 05:00:00+00:00,247.13,247.8699,243.76,243.81,7076466.0,111650.0,244.915592
JPM,2024-12-10 05:00:00+00:00,243.89,247.96,242.22,242.86,9108339.0,134293.0,243.653681
JPM,2024-12-11 05:00:00+00:00,244.0,244.27,242.18,243.53,7884442.0,104425.0,243.470343
JPM,2024-12-12 05:00:00+00:00,243.0,244.1,241.04,241.53,6113771.0,98777.0,242.011973
JPM,2024-12-13 05:00:00+00:00,242.07,242.715,239.1437,239.94,10392749.0,101850.0,239.999872
JPM,2024-12-16 05:00:00+00:00,240.61,240.67,237.52,239.58,9032044.0,122269.0,239.446518
JPM,2024-12-17 05:00:00+00:00,238.65,239.02,236.63,238.36,8083635.0,114751.0,237.996669
JPM,2024-12-18 05:00:00+00:00,239.0,239.07,229.53,230.37,11322358.0,152847.0,233.693193
JPM,2024-12-19 05:00:00+00:00,232.27,236.36,232.27,232.96,11790773.0,152534.0,233.699198
JPM,2024-12-20 05:00:00+00:00,231.92,239.21,231.5877,237.6,32348414.0,132277.0,236.932773
JPM,2024-12-23 05:00:00+00:00,236.07,238.62,234.88,238.39,8611528.0,93999.0,237.427927
JPM,2024-12-24 05:00:00+00:00,239.43,242.4922,239.07,242.31,3729092.0,55844.0,241.415064
JPM,2024-12-26 05:00:00+00:00,241.43,243.26,240.79,243.14,4452168.0,71264.0,242.522945
JPM,2024-12-27 05:00:00+00:00,242.72,243.39,240.04,241.17,5730607.0,76680.0,241.23224
JPM,2024-12-30 05:00:00+00:00,238.77,240.84,237.11,239.32,5723765.0,83033.0,239.389306
JPM,2024-12-31 05:00:00+00:00,240.05,241.4393,239.03,239.71,4870971.0,74806.0,239.870551
JPM,2025-01-02 05:00:00+00:00,240.92,243.276,239.45,240.0,9220914.0,106680.0,240.717538
JPM,2025-01-03 05:00:00+00:00,243.89,244.88,240.26,243.28,9491053.0,116551.0,242.477404
JPM,2025-01-06 05:00:00+00:00,243.695,245.69,240.58,240.85,9917836.0,138858.0,242.380866
JPM,2025-01-07 05:00:00+00:00,242.14,245.26,240.9,243.17,8753357.0,126640.0,243.515138
JPM,2025-01-08 05:00:00+00:00,242.75,244.25,240.5,243.13,8675284.0,103905.0,242.535169
NVDA,2024-09-10 04:00:00+00:00,107.81,109.4,104.95,108.1,268283736.0,1661102.0,106.998369
NVDA,2024-09-11 04:00:00+00:00,109.39,117.19,107.42,116.91,441422370.0,2694547.0,112.543705
NVDA,2024-09-12 04:00:00+00:00,116.84,120.79,115.38,119.14,367100496.0,2375991.0,118.96318
NVDA,2024-09-13 04:00:00+00:00,119.08,119.955,117.6,119.1,238358328.0,1515679.0,118.98706
NVDA,2024-09-16 04:00:00+00:00,116.79,118.18,114.36,116.78,248772308.0,1550527.0,116.505547
NVDA,2024-09-17 04:00:00+00:00,118.17,118.8,114.83,115.59,231925876.0,1475546.0,116.551412
NVDA,2024-09-18 04:00:00+00:00,115.89,117.7,113.22,113.37,310318937.0,1857175.0,115.085913
NVDA,2024-09-19 04:00:00+00:00,117.35,119.66,117.25,117.87,293506438.0,1829283.0,118.608812
NVDA,2024-09-20 04:00:00+00:00,117.06,118.6181,115.3901,116.0,382462428.0,1540990.0,116.459964
NVDA,2024-09-23 04:00:00+00:00,116.55,116.99,114.86,116.26,206228490.0,1275979.0,115.977922
NVDA,2024-09-24 04:00:00+00:00,116.515,121.8,115.38,120.87,354966772.0,1971981.0,119.586687
NVDA,2024-09-25 04:00:00+00:00,122.02,124.94,121.61,123.51,284692948.0,1733184.0,123.632219
NVDA,2024-09-26 04:00:00+00:00,126.8,127.665,121.8,124.04,302582868.0,1833058.0,124.52539
NVDA,2024-09-27 04:00:00+00:00,123.97,124.03,119.26,121.4,271009175.0,1770388.0,121.082245
NVDA,2024-09-30 04:00:00+00:00,118.31,121.5,118.15,121.44,227053651.0,1416476.0,120.385174
NVDA,2024-10-01 04:00:00+00:00,121.765,122.4351,115.79,117.0,302094485.0,2009326.0,117.857374
NVDA,2024-10-02 04:00:00+00:00,116.44,119.38,115.14,118.85,221845887.0,1327167.0,118.183325
NVDA,2024-10-03 04:00:00+00:00,120.92,124.36,120.3401,122.85,277117973.0,1713953.0,122.681744
NVDA,2024-10-04 04:00:00+00:00,124.94,125.04,121.83,124.92,244465552.0,1511342.0,123.960099
NVDA,2024-10-07 04:00:00+00:00,124.99,130.64,124.95,127.72,346250233.0,2250022.0,128.228638
NVDA,2024-10-08 04:00:00+00:00,130.26,133.48,129.42,132.89,285722485.0,1852695.0,131.986307
NVDA,2024-10-09 04:00:00+00:00,134.11,134.52,131.38,132.65,246191612.0,1577938.0,132.700965
NVDA,2024-10-10 04:00:00+00:00,131.91,135.0,131.0,134.81,242311337.0,1536673.0,133.985325
NVDA,2024-10-11 04:00:00+00:00,134.01,135.78,133.66,134.8,170209474.0,1203774.0,134.866537
NVDA,2024-10-14 04:00:00+00:00,136.47,139.6,136.3,138.07,232347668.0,1590610.0,138.45187
NVDA,2024-10-15 04:00:00+00:00,137.87,138.57,128.74,131.6,377831021.0,2604627.0,132.37198
NVDA,2024-10-16 04:00:00+00:00,133.98,136.62,131.58,135.72,264879720.0,1616789.0,134.522385
NVDA,2024-10-17 04:00:00+00:00,139.34,140.89,136.87,136.93,306435921.0,1992541.0,138.972834
NVDA,2024-10-18 04:00:00+00:00,138.665,138.9,137.28,138.0,176090184.0,1081509.0,138.100201
NVDA,2024-10-21 04:00:00+00:00,138.13,143.71,138.0,143.71,264554514.0,1782070.0,141.494221
NVDA,2024-10-22 04:00:00+00:00,142.91,144.42,141.78,143.59,226311589.0,1502933.0,143.318116
NVDA,2024-10-23 04:00:00+00:00,142.03,142.43,137.46,139.56,285930038.0,1916981.0,139.661129
NVDA,2024-10-24 04:00:00+00:00,140.82,141.35,138.46,140.41,172354888.0,1226518.0,139.95535
NVDA,2024-10-25 04:00:00+00:00,140.93,144.13,140.8,141.54,205122109.0,1410935.0,142.594494
NVDA,2024-10-28 04:00:00+00:00,143.0,143.14,140.05,140.52,173586745.0,1258121.0,141.135508
NVDA,2024-10-29 04:00:00+00:00,140.285,142.2598,138.9,141.25,157593634.0,1163074.0,141.011574
NVDA,2024-10-30 04:00:00+00:00,139.54,140.33,136.81,139.335,179418082.0,1306261.0,139.300574
NVDA,2024-10-31 04:00:00+00:00,137.6,137.61,132.1106,132.76,270039641.0,1998937.0,133.663905
NVDA,2024-11-01 04:00:00+00:00,134.7,137.31,134.57,135.4,207127838.0,1423974.0,135.95656
NVDA,2024-11-04 05:00:00+00:00,137.21,138.96,135.57,136.05,187528173.0,1369192.0,137.404343
NVDA,2024-11-05 05:00:00+00:00,137.45,140.3701,137.33,139.91,160537373.0,1158212.0,139.354042
NVDA,2024-11-06 05:00:00+00:00,142.96,146.49,141.96,145.61,242043945.0,1849169.0,144.747946
NVDA,2024-11-07 05:00:00+00:00,146.39,148.93,146.17,148.88,207323303.0,1460795.0,148.061939
NVDA,2024-11-08 05:00:00+00:00,148.77,149.77,146.26,147.63,175665830.0,1367279.0,147.661376
NVDA,2024-11-11 05:00:00+00:00,148.68,148.85,143.57,145.26,182325620.0,1521436.0,145.468234
NVDA,2024-11-12 05:00:00+00:00,146.78,149.65,146.01,148.29,198634738.0,1464181.0,148.068907
NVDA,2024-11-13 05:00:00+00:00,149.07,149.33,145.9,146.27,191903267.0,1330924.0,147.158418
NVDA,2024-11-14 05:00:00+00:00,147.64,149.0,145.55,146.76,194463301.0,1304856.0,147.392811
NVDA,2024-11-15 05:00:00+00:00,144.87,145.24,140.08,141.98,250132869.0,1862710.0,142.299601
NVDA,2024-11-18 05:00:00+00:00,139.5,141.55,137.15,140.15,221930607.0,1763358.0,139.682541
NVDA,2024-11-19 05:00:00+00:00,141.32,147.13,140.99,147.01,227850812.0,1573492.0,144.716328
NVDA,2024-11-20 05:00:00+00:00,147.41,147.56,142.73,145.89,306419482.0,2373948.0,144.953259
NVDA,2024-11-21 05:00:00+00:00,149.35,152.89,140.7,146.67,400946570.0,2913666.0,145.954084
NVDA,2024-11-22 05:00:00+00:00,145.93,147.16,141.1,141.95,236406154.0,1870215.0,142.85593
NVDA,2024-11-25 05:00:00+00:00,141.99,142.05,135.82,136.02,344941875.0,2405587.0,137.274672
NVDA,2024-11-26 05:00:00+00:00,137.7,139.3,135.67,136.92,190287654.0,1421364.0,137.01494
NVDA,2024-11-27 05:00:00+00:00,135.01,137.22,131.8,135.34,226370912.0,1739345.0,133.694807
NVDA,2024-11-29 05:00:00+00:00,136.78,139.35,136.05,138.25,141863156.0,905022.0,138.30465
NVDA,2024-12-02 05:00:00+00:00,138.83,140.45,137.825,138.63,171682777.0,1190903.0,138.982434
NVDA,2024-12-03 05:00:00+00:00,138.26,140.54,137.95,140.26,164413965.0,1062102.0,139.406583
NVDA,2024-12-04 05:00:00+00:00,141.995,145.79,140.29,145.14,231224295.0,1466018.0,143.702913
NVDA,2024-12-05 05:00:00+00:00,145.11,146.54,143.95,145.06,172621180.0,1149174.0,145.235433
NVDA,2024-12-06 05:00:00+00:00,144.6,145.7,141.31,142.44,188505573.0,1299248.0,143.038593
NVDA,2024-12-09 05:00:00+00:00,138.97,139.95,137.13,138.81,189308625.0,1525738.0,138.671743
NVDA,2024-12-10 05:00:00+00:00,139.01,141.82,133.79,135.07,210020888.0,1646616.0,137.066247
NVDA,2024-12-11 05:00:00+00:00,137.36,140.17,135.21,139.31,184905192.0,1305193.0,138.213275
NVDA,2024-12-12 05:00:00+00:00,137.08,138.44,135.8,137.34,159211393.0,1106707.0,137.174009
NVDA,2024-12-13 05:00:00+00:00,138.94,139.6,132.54,134.25,231514881.0,1756976.0,134.935543
NVDA,2024-12-16 05:00:00+00:00,134.18,134.4,130.42,132.0,237951130.0,1985330.0,131.732137
NVDA,2024-12-17 05:00:00+00:00,129.09,131.59,126.86,130.39,259410263.0,2135435.0,129.244779
NVDA,2024-12-18 05:00:00+00:00,133.86,136.7,128.28,128.91,277444533.0,2090822.0,133.312292
NVDA,2024-12-19 05:00:00+00:00,131.76,134.03,129.55,130.68,209719210.0,1598151.0,131.515451
NVDA,2024-12-20 05:00:00+00:00,129.81,135.28,128.22,134.7,306528553.0,1568948.0,133.17864
NVDA,2024-12-23 05:00:00+00:00,136.28,139.79,135.1201,139.67,176053506.0,1304145.0,138.066703
NVDA,2024-12-24 05:00:00+00:00,140.0,141.9,138.65,140.22,105156989.0,835243.0,140.747761
NVDA,2024-12-26 05:00:00+00:00,139.7,140.85,137.73,139.93,116519090.0,941316.0,139.599297
NVDA,2024-12-27 05:00:00+00:00,138.55,139.02,134.71,137.01,170582603.0,1342999.0,136.404689
NVDA,2024-12-30 05:00:00+00:00,134.83,140.27,134.02,137.49,167734700.0,1347922.0,138.052226
NVDA,2024-12-31 05:00:00+00:00,138.03,138.07,133.83,134.29,155659211.0,1200146.0,135.449823
NVDA,2025-01-02 05:00:00+00:00,136.0,138.88,134.63,138.31,198247166.0,1567000.0,137.181563
NVDA,2025-01-03 05:00:00+00:00,140.01,144.9,139.73,144.47,229322478.0,1745662.0,143.567988
NVDA,2025-01-06 05:00:00+00:00,148.59,152.156,147.8201,149.43,265377359.0,2139591.0,150.355811
NVDA,2025-01-07 05:00:00+00:00,153.03,153.13,140.01,140.14,351782174.0,3297980.0,143.543604
NVDA,2025-01-08 05:00:00+00:00,142.58,143.95,137.56,140.11,227349948.0,1983811.0,140.669549
AAPL,2024-09-10 04:00:00+00:00,218.92,221.48,216.73,220.11,51591033.0,684935.0,219.536157
AAPL,2024-09-11 04:00:00+00:00,221.455,223.09,217.89,222.66,44587072.0,609494.0,221.190116
AAPL,2024-09-12 04:00:00+00:00,222.5,223.55,219.82,222.77,37498225.0,556917.0,222.389637
AAPL,2024-09-13 04:00:00+00:00,223.58,224.04,221.91,222.5,36766619.0,541883.0,222.922817
AAPL,2024-09-16 04:00:00+00:00,216.54,217.22,213.92,216.32,59357427.0,870760.0,215.864965
AAPL,2024-09-17 04:00:00+00:00,215.75,216.9,214.5,216.79,45519339.0,651444.0,216.191099
AAPL,2024-09-18 04:00:00+00:00,217.55,222.71,217.54,220.69,59894928.0,833014.0,220.443008
AAPL,2024-09-19 04:00:00+00:00,224.99,229.82,224.63,228.87,66781315.0,808546.0,228.421566
AAPL,2024-09-20 04:00:00+00:00,229.97,233.09,227.62,228.2,318679888.0,971914.0,229.125739
AAPL,2024-09-23 04:00:00+00:00,227.34,229.45,225.81,226.47,54146023.0,693312.0,227.036015
AAPL,2024-09-24 04:00:00+00:00,228.645,229.35,225.73,227.37,43556068.0,519573.0,227.226809
AAPL,2024-09-25 04:00:00+00:00,224.93,227.29,224.02,226.37,42308715.0,564630.0,225.83909
AAPL,2024-09-26 04:00:00+00:00,227.3,228.5,225.41,227.52,36636707.0,433165.0,227.261165
AAPL,2024-09-27 04:00:00+00:00,228.46,229.52,227.3,227.79,34025967.0,504108.0,228.171141
AAPL,2024-09-30 04:00:00+00:00,230.04,233.0,229.65,233.0,54793391.0,710084.0,232.08941
AAPL,2024-10-01 04:00:00+00:00,229.52,229.65,223.74,226.21,63285048.0,832120.0,225.897039
AAPL,2024-10-02 04:00:00+00:00,225.89,227.37,223.02,226.78,32880605.0,504717.0,226.043352
AAPL,2024-10-03 04:00:00+00:00,225.14,226.805,223.32,225.67,34044158.0,516347.0,225.007676
AAPL,2024-10-04 04:00:00+00:00,227.9,228.0,224.13,226.8,37345098.0,558162.0,225.839189
AAPL,2024-10-07 04:00:00+00:00,224.5,225.69,221.33,221.69,39505354.0,607240.0,223.321699
AAPL,2024-10-08 04:00:00+00:00,224.3,225.98,223.25,225.77,31855693.0,495518.0,225.170803
AAPL,2024-10-09 04:00:00+00:00,225.23,229.75,224.83,229.54,33591091.0,519279.0,228.293881
AAPL,2024-10-10 04:00:00+00:00,227.78,229.5,227.17,229.04,28183544.0,446857.0,228.576787
AAPL,2024-10-11 04:00:00+00:00,229.3,229.41,227.34,227.55,31759188.0,485460.0,228.020953
AAPL,2024-10-14 04:00:00+00:00,228.7,231.73,228.6,231.3,39882085.0,580529.0,230.728854
AAPL,2024-10-15 04:00:00+00:00,233.61,237.49,232.37,233.85,64751367.0,827530.0,234.893394
AAPL,2024-10-16 04:00:00+00:00,231.6,232.12,229.84,231.78,34082240.0,551097.0,231.060277
AAPL,2024-10-17 04:00:00+00:00,233.43,233.85,230.52,232.15,32993810.0,487630.0,232.056313
AAPL,2024-10-18 04:00:00+00:00,236.18,236.18,234.01,235.0,46431472.0,562502.0,235.252634
AAPL,2024-10-21 04:00:00+00:00,234.45,236.85,234.45,236.48,36254470.0,538692.0,235.991167
AAPL,2024-10-22 04:00:00+00:00,233.885,236.22,232.6,235.86,38846578.0,489180.0,234.775329
AAPL,2024-10-23 04:00:00+00:00,234.08,235.144,227.76,230.76,52286979.0,722059.0,231.134978
AAPL,2024-10-24 04:00:00+00:00,229.98,230.82,228.41,230.57,31109503.0,490815.0,230.056502
AAPL,2024-10-25 04:00:00+00:00,229.74,233.22,229.57,231.41,38802304.0,551681.0,231.703642
AAPL,2024-10-28 04:00:00+00:00,233.32,234.73,232.55,233.4,36087134.0,557146.0,233.654245
AAPL,2024-10-29 04:00:00+00:00,233.1,234.325,232.32,233.67,35417247.0,484094.0,233.602577
AAPL,2024-10-30 04:00:00+00:00,232.61,233.47,229.55,230.1,47070907.0,593652.0,230.82421
AAPL,2024-10-31 04:00:00+00:00,229.34,229.83,225.37,225.91,64370086.0,767895.0,227.038381
AAPL,2024-11-01 04:00:00+00:00,220.965,225.35,220.27,222.91,65276741.0,859117.0,222.804987
AAPL,2024-11-04 05:00:00+00:00,220.99,222.79,219.71,222.01,44944468.0,647168.0,221.767417
AAPL,2024-11-05 05:00:00+00:00,221.795,223.95,221.14,223.45,28111338.0,502059.0,223.110799
AAPL,2024-11-06 05:00:00+00:00,222.61,226.065,221.19,222.72,54561121.0,796635.0,223.789045
AAPL,2024-11-07 05:00:00+00:00,224.625,227.875,224.57,227.48,42137691.0,623242.0,226.79628
AAPL,2024-11-08 05:00:00+00:00,227.17,228.66,226.405,226.96,38328824.0,541125.0,227.235239
AAPL,2024-11-11 05:00:00+00:00,225.0,225.7,221.5,224.23,42005602.0,555127.0,223.397808
AAPL,2024-11-12 05:00:00+00:00,224.55,225.59,223.355,224.23,40398299.0,462612.0,224.377658
AAPL,2024-11-13 05:00:00+00:00,224.01,226.65,222.76,225.12,48566217.0,467219.0,224.935939
AAPL,2024-11-14 05:00:00+00:00,225.02,228.87,225.0,228.22,44923941.0,492068.0,227.454246
AAPL,2024-11-15 05:00:00+00:00,226.4,226.92,224.27,225.0,47923696.0,451319.0,225.147593
AAPL,2024-11-18 05:00:00+00:00,225.25,229.74,225.17,228.02,44691859.0,437922.0,228.036169
AAPL,2024-11-19 05:00:00+00:00,226.98,230.16,226.66,228.28,36211774.0,365242.0,228.651147
AAPL,2024-11-20 05:00:00+00:00,228.06,229.93,225.89,229.0,35230059.0,357481.0,228.019292
AAPL,2024-11-21 05:00:00+00:00,228.88,230.155,225.7103,228.52,42108327.0,431685.0,228.439064
AAPL,2024-11-22 05:00:00+00:00,228.06,230.7199,228.06,229.87,38168252.0,380624.0,229.692547
AAPL,2024-11-25 05:00:00+00:00,231.46,233.245,229.74,232.87,90152832.0,510698.0,232.405006
AAPL,2024-11-26 05:00:00+00:00,233.33,235.57,233.33,235.06,45986189.0,450015.0,234.821331
AAPL,2024-11-27 05:00:00+00:00,234.465,235.69,233.8101,234.93,33498439.0,339860.0,234.806483
AAPL,2024-11-29 05:00:00+00:00,234.805,237.81,233.97,237.33,28481377.0,268955.0,236.570409
AAPL,2024-12-02 05:00:00+00:00,237.27,240.79,237.16,239.59,48137103.0,469685.0,239.520954
AAPL,2024-12-03 05:00:00+00:00,239.81,242.76,238.9,242.65,38861017.0,419384.0,241.628776
AAPL,2024-12-04 05:00:00+00:00,242.87,244.11,241.25,243.01,44383935.0,406663.0,242.952411
AAPL,2024-12-05 05:00:00+00:00,243.99,244.54,242.13,243.04,40033878.0,401262.0,243.055
AAPL,2024-12-06 05:00:00+00:00,242.905,244.63,242.08,242.84,36870619.0,366549.0,243.211621
AAPL,2024-12-09 05:00:00+00:00,241.83,247.24,241.75,246.75,44649232.0,500769.0,245.992267
AAPL,2024-12-10 05:00:00+00:00,246.89,248.21,245.34,247.77,36914806.0,423350.0,247.266088
AAPL,2024-12-11 05:00:00+00:00,247.96,250.8,246.2601,246.49,45205814.0,455625.0,248.24955
AAPL,2024-12-12 05:00:00+00:00,246.89,248.74,245.68,247.96,32777532.0,353012.0,247.765941
AAPL,2024-12-13 05:00:00+00:00,247.815,249.2902,246.24,248.13,33155290.0,349810.0,247.74208
AAPL,2024-12-16 05:00:00+00:00,247.99,251.38,247.65,251.04,51694753.0,448224.0,250.490096
AAPL,2024-12-17 05:00:00+00:00,250.08,253.83,249.78,253.48,51356360.0,487662.0,253.010532
AAPL,2024-12-18 05:00:00+00:00,252.16,254.28,247.74,248.05,56774101.0,564347.0,250.488225
AAPL,2024-12-19 05:00:00+00:00,247.5,252.0,247.0949,249.79,60882264.0,532896.0,249.866349
AAPL,2024-12-20 05:00:00+00:00,248.04,255.0,245.69,254.49,147495267.0,551019.0,252.59909
AAPL,2024-12-23 05:00:00+00:00,254.77,255.65,253.45,255.27,40858774.0,422563.0,254.713849
AAPL,2024-12-24 05:00:00+00:00,255.49,258.21,255.29,258.2,23234705.0,245932.0,257.452942
AAPL,2024-12-26 05:00:00+00:00,258.19,260.1,257.63,259.02,27262983.0,362325.0,258.937766
AAPL,2024-12-27 05:00:00+00:00,257.83,258.7,253.06,255.59,42355321.0,474899.0,255.255129
AAPL,2024-12-30 05:00:00+00:00,252.23,253.5,250.75,252.2,35557542.0,421634.0,252.228327
AAPL,2024-12-31 05:00:00+00:00,252.44,253.28,249.43,250.42,39480718.0,361255.0,250.721619
AAPL,2025-01-02 05:00:00+00:00,248.93,249.1,241.8201,243.85,55740731.0,685448.0,244.339399
AAPL,2025-01-03 05:00:00+00:00,243.36,244.18,241.89,243.36,40244114.0,493786.0,243.069441
AAPL,2025-01-06 05:00:00+00:00,244.31,247.33,243.2,245.0,45045571.0,493920.0,245.23906
AAPL,2025-01-07 05:00:00+00:00,242.98,245.55,241.35,242.21,40855960.0,462887.0,243.011137
AAPL,2025-01-08 05:00:00+00:00,241.92,243.7123,240.05,242.7,37628940.0,406916.0,242.272854
BRK.B,2024-09-10 04:00:00+00:00,461.82,464.32,456.21,458.92,3544103.0,87077.0,459.491799
BRK.B,2024-09-11 04:00:00+00:00,457.62,457.62,445.25,453.1,5772729.0,128132.0,450.597115
BRK.B,2024-09-12 04:00:00+00:00,454.84,455.0,449.27,450.87,3855713.0,92212.0,451.058282
BRK.B,2024-09-13 04:00:00+00:00,451.58,452.4285,447.21,447.61,3882598.0,92873.0,448.998008
BRK.B,2024-09-16 04:00:00+00:00,448.8,452.99,448.34,451.78,3264367.0,81001.0,450.723952
BRK.B,2024-09-17 04:00:00+00:00,453.5,461.1,453.29,456.68,3824256.0,82595.0,456.826579
BRK.B,2024-09-18 04:00:00+00:00,458.08,459.84,454.8801,456.6,3065217.0,75866.0,456.857034
BRK.B,2024-09-19 04:00:00+00:00,462.0,462.19,457.25,459.71,3891344.0,80990.0,459.62797
BRK.B,2024-09-20 04:00:00+00:00,457.76,457.95,454.05,455.31,8468764.0,81898.0,455.886041
BRK.B,2024-09-23 04:00:00+00:00,457.31,459.6545,453.42,454.98,3485083.0,76033.0,455.507296
BRK.B,2024-09-24 04:00:00+00:00,454.33,455.5999,451.77,454.56,3009852.0,77074.0,454.050903
BRK.B,2024-09-25 04:00:00+00:00,454.9,455.81,451.21,452.36,2843311.0,71136.0,452.566694
BRK.B,2024-09-26 04:00:00+00:00,452.74,457.0,451.34,454.18,3262045.0,76029.0,454.447866
BRK.B,2024-09-27 04:00:00+00:00,456.04,458.27,455.04,457.47,2727975.0,72114.0,457.136578
BRK.B,2024-09-30 04:00:00+00:00,458.4,460.63,454.5507,460.26,3637071.0,72056.0,458.96445
BRK.B,2024-10-01 04:00:00+00:00,459.11,459.79,454.82,457.41,3043696.0,78581.0,457.567062
BRK.B,2024-10-02 04:00:00+00:00,458.7,458.7,454.19,456.67,2803429.0,65833.0,456.022423
BRK.B,2024-10-03 04:00:00+00:00,455.47,455.97,450.92,452.96,2564713.0,67950.0,452.708238
BRK.B,2024-10-04 04:00:00+00:00,455.01,462.18,453.81,461.97,3093491.0,71597.0,459.460467
BRK.B,2024-10-07 04:00:00+00:00,462.34,462.34,452.4101,453.5,3222061.0,84463.0,455.228007
BRK.B,2024-10-08 04:00:00+00:00,455.96,457.56,452.85,453.8,2234137.0,60468.0,454.400681
BRK.B,2024-10-09 04:00:00+00:00,452.75,457.875,452.355,455.9,2206063.0,60372.0,455.687336
BRK.B,2024-10-10 04:00:00+00:00,457.5,457.505,452.7249,454.93,2375788.0,59974.0,454.444825
BRK.B,2024-10-11 04:00:00+00:00,455.9,463.45,455.9,460.21,3243402.0,73870.0,460.593243
BRK.B,2024-10-14 04:00:00+00:00,461.92,462.0,458.1,459.98,2969790.0,71326.0,460.379424
BRK.B,2024-10-15 04:00:00+00:00,460.99,466.66,460.51,462.68,3929879.0,89999.0,463.191145
BRK.B,2024-10-16 04:00:00+00:00,463.25,466.0,462.2,465.69,3166265.0,70723.0,465.112419
BRK.B,2024-10-17 04:00:00+00:00,466.1,467.8393,464.27,465.85,2520903.0,63625.0,465.839187
BRK.B,2024-10-18 04:00:00+00:00,467.0,467.0,463.25,464.8,5635463.0,66103.0,465.199541
BRK.B,2024-10-21 04:00:00+00:00,464.53,465.7899,461.68,464.16,3131480.0,68845.0,463.823498
BRK.B,2024-10-22 04:00:00+00:00,464.11,465.1453,457.6,461.45,3315151.0,72497.0,461.187524
BRK.B,2024-10-23 04:00:00+00:00,460.15,463.26,458.745,460.61,3655203.0,70793.0,460.955357
BRK.B,2024-10-24 04:00:00+00:00,460.9,461.05,453.96,457.77,3793479.0,78812.0,457.31148
BRK.B,2024-10-25 04:00:00+00:00,458.6,459.45,453.03,454.01,2838884.0,79797.0,454.925972
BRK.B,2024-10-28 04:00:00+00:00,455.59,459.24,455.0,458.49,4103359.0,63864.0,457.632833
BRK.B,2024-10-29 04:00:00+00:00,458.6,458.92,454.39,454.62,3985180.0,70961.0,455.416411
BRK.B,2024-10-30 04:00:00+00:00,454.67,457.6699,453.82,454.96,2692082.0,61263.0,455.591619
BRK.B,2024-10-31 04:00:00+00:00,455.19,456.84,450.57,450.92,3660308.0,76840.0,452.736071
BRK.B,2024-11-01 04:00:00+00:00,451.49,455.12,450.7,452.14,2971342.0,71004.0,452.99167
BRK.B,2024-11-04 05:00:00+00:00,450.37,450.7,437.9,442.29,5733184.0,141419.0,441.948381
BRK.B,2024-11-05 05:00:00+00:00,442.29,445.23,441.1,445.06,3154357.0,83541.0,443.60468
BRK.B,2024-11-06 05:00:00+00:00,461.0,469.26,459.4801,468.9,6906833.0,149336.0,465.9056
BRK.B,2024-11-07 05:00:00+00:00,468.27,468.46,460.1,460.13,4237986.0,100526.0,461.986833
BRK.B,2024-11-08 05:00:00+00:00,461.98,466.35,459.5001,463.41,3541302.0,79861.0,463.239326
BRK.B,2024-11-11 05:00:00+00:00,466.01,470.51,464.0,467.36,4119111.0,84458.0,467.857439
BRK.B,2024-11-12 05:00:00+00:00,467.69,468.42,465.15,466.29,4400521.0,70086.0,466.783228
BRK.B,2024-11-13 05:00:00+00:00,466.41,468.4,464.0,468.1,2861709.0,66342.0,467.047163
BRK.B,2024-11-14 05:00:00+00:00,468.81,469.4493,466.0,467.7,3777267.0,72190.0,467.832373
BRK.B,2024-11-15 05:00:00+00:00,466.74,472.2551,465.19,470.28,5817672.0,87719.0,469.359411
BRK.B,2024-11-18 05:00:00+00:00,470.98,472.6713,468.36,472.2,3358434.0,73505.0,471.518264
BRK.B,2024-11-19 05:00:00+00:00,470.77,470.77,465.01,468.86,3656243.0,69749.0,468.159888
BRK.B,2024-11-20 05:00:00+00:00,470.0,470.6149,466.11,468.83,3018982.0,59006.0,468.768163
BRK.B,2024-11-21 05:00:00+00:00,469.445,474.66,467.0,472.06,4116801.0,76463.0,471.854206
BRK.B,2024-11-22 05:00:00+00:00,472.27,477.4399,471.61,476.57,3885177.0,66091.0,475.907969
BRK.B,2024-11-25 05:00:00+00:00,479.13,482.5,476.79,477.43,5246561.0,89447.0,478.473815
BRK.B,2024-11-26 05:00:00+00:00,478.2,479.4,472.85,478.56,3331974.0,70985.0,476.927228
BRK.B,2024-11-27 05:00:00+00:00,481.0,491.67,480.87,483.08,5359291.0,99977.0,485.784469
BRK.B,2024-11-29 05:00:00+00:00,485.37,486.01,482.05,483.02,2969703.0,59326.0,483.607984
BRK.B,2024-12-02 05:00:00+00:00,484.8,485.09,474.75,477.33,5031497.0,105026.0,478.166739
BRK.B,2024-12-03 05:00:00+00:00,478.16,478.3,468.805,470.19,4931573.0,103585.0,471.641651
BRK.B,2024-12-04 05:00:00+00:00,471.09,471.34,466.5,468.32,3941100.0,88349.0,468.30741
BRK.B,2024-12-05 05:00:00+00:00,468.78,472.74,468.72,470.57,3320231.0,69016.0,470.635704
BRK.B,2024-12-06 05:00:00+00:00,470.58,472.08,467.82,470.5,3270943.0,70176.0,470.157318
BRK.B,2024-12-09 05:00:00+00:00,470.6,471.7,463.42,463.87,3748171.0,99103.0,465.53441
BRK.B,2024-12-10 05:00:00+00:00,464.42,464.99,459.5,462.49,3648541.0,85150.0,462.552257
BRK.B,2024-12-11 05:00:00+00:00,463.33,465.48,458.77,461.39,3876913.0,87805.0,460.985377
BRK.B,2024-12-12 05:00:00+00:00,462.16,463.57,458.08,458.63,2571349.0,71770.0,459.735228
BRK.B,2024-12-13 05:00:00+00:00,460.51,460.51,457.01,457.9,3474337.0,77770.0,458.48683
BRK.B,2024-12-16 05:00:00+00:00,459.17,460.4244,454.58,455.2,4513980.0,85256.0,456.412554
BRK.B,2024-12-17 05:00:00+00:00,454.695,456.62,452.06,455.66,5057506.0,87453.0,455.164601
BRK.B,2024-12-18 05:00:00+00:00,457.06,458.73,446.09,446.59,4361857.0,105523.0,451.052788
BRK.B,2024-12-19 05:00:00+00:00,451.73,453.8,448.89,449.34,4645222.0,92528.0,450.545999
BRK.B,2024-12-20 05:00:00+00:00,449.11,458.65,447.19,453.2,12943914.0,95033.0,452.67297
BRK.B,2024-12-23 05:00:00+00:00,453.19,454.55,449.82,454.35,3836007.0,74505.0,453.01986
BRK.B,2024-12-24 05:00:00+00:00,455.41,458.99,454.07,458.66,1761174.0,40319.0,457.415411
BRK.B,2024-12-26 05:00:00+00:00,457.265,459.48,455.795,459.08,2160799.0,50783.0,458.623578
BRK.B,2024-12-27 05:00:00+00:00,457.3,461.13,454.48,456.51,3237722.0,71111.0,456.753932
BRK.B,2024-12-30 05:00:00+00:00,454.245,454.69,449.1765,452.16,2831375.0,74821.0,452.274619
BRK.B,2024-12-31 05:00:00+00:00,452.205,454.33,451.11,453.28,3380714.0,57633.0,452.960206
BRK.B,2025-01-02 05:00:00+00:00,455.96,456.8899,450.03,451.1,3783594.0,85297.0,452.70623
BRK.B,2025-01-03 05:00:00+00:00,452.53,454.5269,450.12,453.56,2887160.0,67413.0,453.052818
BRK.B,2025-01-06 05:00:00+00:00,453.85,456.2399,450.57,451.41,4072913.0,89971.0,452.686183
BRK.B,2025-01-07 05:00:00+00:00,452.8,456.515,451.1,452.92,3507166.0,80267.0,453.578989
BRK.B,2025-01-08 05:00:00+00:00,453.63,454.0,449.63,451.84,3933259.0,73816.0,451.473249
GOOGL,2024-09-10 04:00:00+00:00,150.45,151.27,148.34,148.66,31118765.0,408215.0,149.441836
GOOGL,2024-09-11 04:00:00+00:00,149.92,151.5,147.52,151.16,29607693.0,419822.0,149.884943
GOOGL,2024-09-12 04:00:00+00:00,153.8,154.82,152.65,154.69,29695048.0,434119.0,154.033295
GOOGL,2024-09-13 04:00:00+00:00,155.43,158.38,155.21,157.46,29591152.0,392712.0,157.171602
GOOGL,2024-09-16 04:00:00+00:00,157.31,158.25,156.6,158.06,18379775.0,317510.0,157.775444
GOOGL,2024-09-17 04:00:00+00:00,159.02,160.55,158.375,159.32,20715612.0,314578.0,159.297372
GOOGL,2024-09-18 04:00:00+00:00,159.86,160.5,158.595,159.81,23677315.0,390384.0,159.665189
GOOGL,2024-09-19 04:00:00+00:00,163.71,163.79,161.34,162.14,26587733.0,361428.0,162.541346
GOOGL,2024-09-20 04:00:00+00:00,163.5,163.73,162.06,163.59,40896438.0,319691.0,163.324874
GOOGL,2024-09-23 04:00:00+00:00,164.35,165.49,161.67,161.85,24150852.0,311175.0,162.818732
GOOGL,2024-09-24 04:00:00+00:00,163.03,163.2158,160.69,162.29,23332147.0,273882.0,162.240302
GOOGL,2024-09-25 04:00:00+00:00,161.47,162.81,161.3,161.49,18869199.0,280359.0,161.861411
GOOGL,2024-09-26 04:00:00+00:00,163.64,164.08,162.28,162.73,20319336.0,263392.0,162.938684
GOOGL,2024-09-27 04:00:00+00:00,162.81,165.7,162.6261,163.95,21101307.0,292054.0,164.184361
GOOGL,2024-09-30 04:00:00+00:00,163.32,166.15,163.26,165.85,20481303.0,291009.0,165.135743
GOOGL,2024-10-01 04:00:00+00:00,167.685,169.16,164.58,166.99,28338123.0,409707.0,166.718446
GOOGL,2024-10-02 04:00:00+00:00,166.42,167.52,164.73,165.86,17760179.0,284543.0,165.670691
GOOGL,2024-10-03 04:00:00+00:00,164.41,166.64,163.923,165.86,15073101.0,246872.0,165.620823
GOOGL,2024-10-04 04:00:00+00:00,168.06,168.23,165.48,167.06,19093724.0,276149.0,166.727538
GOOGL,2024-10-07 04:00:00+00:00,167.72,168.48,162.75,162.98,22463140.0,325249.0,164.623972
GOOGL,2024-10-08 04:00:00+00:00,163.94,164.725,162.87,164.38,23072733.0,235550.0,163.831367
GOOGL,2024-10-09 04:00:00+00:00,163.45,164.84,159.74,161.86,31181774.0,475082.0,161.639663
GOOGL,2024-10-10 04:00:00+00:00,160.87,163.07,160.395,162.08,14144068.0,255064.0,162.041994
GOOGL,2024-10-11 04:00:00+00:00,162.13,163.9,161.235,163.24,15344251.0,250890.0,163.102159
GOOGL,2024-10-14 04:00:00+00:00,163.64,166.226,163.4,164.96,19016141.0,251253.0,164.979056
GOOGL,2024-10-15 04:00:00+00:00,165.785,167.68,164.625,165.46,20247195.0,320945.0,165.787034
GOOGL,2024-10-16 04:00:00+00:00,164.53,165.8,163.74,165.16,16406030.0,240255.0,164.890676
GOOGL,2024-10-17 04:00:00+00:00,165.73,166.37,162.76,162.93,21453395.0,326872.0,163.797483
GOOGL,2024-10-18 04:00:00+00:00,163.19,164.71,163.08,163.42,19757661.0,259571.0,163.584437
GOOGL,2024-10-21 04:00:00+00:00,162.95,164.5,162.62,164.07,20946455.0,253661.0,163.898711
GOOGL,2024-10-22 04:00:00+00:00,162.98,165.77,162.98,165.14,16568121.0,238533.0,164.829873
GOOGL,2024-10-23 04:00:00+00:00,164.76,165.82,161.925,162.78,18280518.0,285297.0,163.107923
GOOGL,2024-10-24 04:00:00+00:00,162.83,163.33,161.01,162.72,22412527.0,303088.0,162.469449
GOOGL,2024-10-25 04:00:00+00:00,163.67,165.59,163.42,165.27,19828884.0,298665.0,164.963945
GOOGL,2024-10-28 04:00:00+00:00,168.75,168.75,163.95,166.72,32138641.0,463018.0,166.722569
GOOGL,2024-10-29 04:00:00+00:00,167.73,170.38,167.0896,169.68,42169025.0,583786.0,169.164762
GOOGL,2024-10-30 04:00:00+00:00,180.68,182.02,174.0599,174.46,68890787.0,935794.0,178.221172
GOOGL,2024-10-31 04:00:00+00:00,173.13,176.82,171.0,171.11,44768981.0,605352.0,172.94923
GOOGL,2024-11-01 04:00:00+00:00,170.07,172.32,168.88,171.29,31796477.0,432223.0,171.24021
GOOGL,2024-11-04 05:00:00+00:00,169.93,170.73,168.011,169.24,21492744.0,324562.0,169.200659
GOOGL,2024-11-05 05:00:00+00:00,169.43,170.53,168.84,169.74,18242050.0,248015.0,169.724803
GOOGL,2024-11-06 05:00:00+00:00,173.8,176.94,173.5,176.51,33695538.0,488421.0,175.711766
GOOGL,2024-11-07 05:00:00+00:00,177.41,181.08,177.19,180.75,25352939.0,395830.0,179.723174
GOOGL,2024-11-08 05:00:00+00:00,180.645,180.9,178.08,178.35,22006182.0,322850.0,178.770279
GOOGL,2024-11-11 05:00:00+00:00,178.58,180.545,178.47,180.35,17450354.0,254287.0,179.943157
GOOGL,2024-11-12 05:00:00+00:00,179.82,182.49,179.39,181.62,25134905.0,301849.0,181.178418
GOOGL,2024-11-13 05:00:00+00:00,180.46,180.96,178.54,178.88,23184003.0,282857.0,179.276343
GOOGL,2024-11-14 05:00:00+00:00,178.28,178.82,174.3218,175.58,31007457.0,345251.0,175.712446
GOOGL,2024-11-15 05:00:00+00:00,173.73,174.14,171.22,172.49,32504649.0,347620.0,172.489078
GOOGL,2024-11-18 05:00:00+00:00,173.42,175.438,172.9,175.3,20241897.0,256817.0,174.53374
GOOGL,2024-11-19 05:00:00+00:00,173.72,178.87,173.56,178.12,23750925.0,315071.0,177.056209
GOOGL,2024-11-20 05:00:00+00:00,177.34,177.675,173.78,175.98,18988159.0,249879.0,175.511207
GOOGL,2024-11-21 05:00:00+00:00,173.9,174.13,163.7,167.63,59734379.0,832139.0,166.675879
GOOGL,2024-11-22 05:00:00+00:00,165.85,166.46,163.9,164.76,38604587.0,490822.0,165.067959
GOOGL,2024-11-25 05:00:00+00:00,166.09,168.63,165.6072,167.65,33135263.0,358441.0,167.525139
GOOGL,2024-11-26 05:00:00+00:00,167.63,169.82,167.58,169.12,20486720.0,268773.0,168.935164
GOOGL,2024-11-27 05:00:00+00:00,169.0,169.4832,168.02,169.23,19266511.0,204928.0,169.121596
GOOGL,2024-11-29 05:00:00+00:00,168.5,169.43,167.16,168.95,14257244.0,184272.0,168.673862
GOOGL,2024-12-02 05:00:00+00:00,168.765,172.075,168.57,171.49,23789084.0,273500.0,171.250689
GOOGL,2024-12-03 05:00:00+00:00,171.49,172.68,170.85,171.34,22248705.0,240842.0,171.424342
GOOGL,2024-12-04 05:00:00+00:00,171.145,174.91,171.06,174.37,31615137.0,302782.0,173.887485
GOOGL,2024-12-05 05:00:00+00:00,175.36,176.06,172.33,172.64,21356243.0,279424.0,173.564925
GOOGL,2024-12-06 05:00:00+00:00,172.03,175.08,171.86,174.71,21462393.0,265162.0,174.402105
GOOGL,2024-12-09 05:00:00+00:00,173.96,176.26,173.65,175.37,25389631.0,315848.0,175.217957
GOOGL,2024-12-10 05:00:00+00:00,182.845,186.36,181.05,185.17,54813022.0,768708.0,184.126708
GOOGL,2024-12-11 05:00:00+00:00,185.31,195.61,184.85,195.4,67894071.0,821975.0,192.909701
GOOGL,2024-12-12 05:00:00+00:00,195.0,195.18,191.71,191.96,34817486.0,462229.0,193.432388
GOOGL,2024-12-13 05:00:00+00:00,191.01,192.73,189.64,189.82,25143495.0,328990.0,190.877769
GOOGL,2024-12-16 05:00:00+00:00,192.87,199.0,192.62,196.66,44934901.0,490169.0,196.647682
GOOGL,2024-12-17 05:00:00+00:00,197.25,201.42,194.98,195.42,43504025.0,514813.0,197.091246
GOOGL,2024-12-18 05:00:00+00:00,195.22,197.0,187.74,188.4,34166074.0,423247.0,191.475805
GOOGL,2024-12-19 05:00:00+00:00,191.625,193.03,188.38,188.51,32265241.0,417946.0,190.018908
GOOGL,2024-12-20 05:00:00+00:00,185.78,192.89,185.22,191.41,63462934.0,424231.0,190.200804
GOOGL,2024-12-23 05:00:00+00:00,192.62,195.1,190.15,194.63,25675014.0,310992.0,193.585438
GOOGL,2024-12-24 05:00:00+00:00,194.84,196.11,193.78,196.11,10403259.0,155818.0,195.502597
GOOGL,2024-12-26 05:00:00+00:00,195.15,196.748,194.375,195.6,12057210.0,196317.0,195.804373
GOOGL,2024-12-27 05:00:00+00:00,194.95,195.32,190.65,192.76,18891362.0,284116.0,192.436699
GOOGL,2024-12-30 05:00:00+00:00,189.8,192.55,189.12,191.24,14264659.0,255690.0,191.190386
GOOGL,2024-12-31 05:00:00+00:00,191.075,191.96,188.51,189.3,17466919.0,239949.0,189.861911
GOOGL,2025-01-02 05:00:00+00:00,190.65,192.0,187.5,189.43,20370828.0,328515.0,189.584668
GOOGL,2025-01-03 05:00:00+00:00,191.37,193.21,189.975,191.79,18596159.0,261756.0,191.763913
GOOGL,2025-01-06 05:00:00+00:00,193.98,198.2222,193.85,196.87,29563638.0,385128.0,196.73636
GOOGL,2025-01-07 05:00:00+00:00,197.11,201.0,194.6,195.49,26487244.0,363663.0,197.04705
GOOGL,2025-01-08 05:00:00+00:00,192.57,196.29,192.38,193.95,24864766.0,339162.0,194.351096
META,2024-09-10 04:00:00+00:00,508.16,514.18,500.0278,504.79,9899022.0,180456.0,505.840344
META,2024-09-11 04:00:00+00:00,507.01,513.12,495.6,511.83,10782532.0,199382.0,506.260172
META,2024-09-12 04:00:00+00:00,517.05,526.71,515.22,525.6,11993342.0,238761.0,522.458144
META,2024-09-13 04:00:00+00:00,520.34,527.581,517.11,524.62,10321422.0,193182.0,524.374005
META,2024-09-16 04:00:00+00:00,524.54,534.1,517.4,533.28,9527646.0,196342.0,527.623182
META,2024-09-17 04:00:00+00:00,537.6,542.1,530.57,536.315,11690779.0,206576.0,536.382546
META,2024-09-18 04:00:00+00:00,537.065,544.2,533.9026,537.95,10323537.0,193714.0,538.756682
META,2024-09-19 04:00:00+00:00,550.0,562.07,546.52,559.1,15646951.0,309813.0,556.528915
META,2024-09-20 04:00:00+00:00,560.0,564.5,556.3001,561.35,22066817.0,237051.0,561.277205
META,2024-09-23 04:00:00+00:00,569.5,573.9799,562.41,564.41,12830669.0,232829.0,566.499396
META,2024-09-24 04:00:00+00:00,566.68,567.745,554.19,563.33,12992956.0,210803.0,561.090669
META,2024-09-25 04:00:00+00:00,564.05,576.88,563.72,568.31,16543350.0,294987.0,570.593655
META,2024-09-26 04:00:00+00:00,575.73,577.4,562.3501,567.84,14400787.0,274191.0,569.127036
META,2024-09-27 04:00:00+00:00,570.1,570.8399,564.51,567.36,9398367.0,185300.0,567.576715
META,2024-09-30 04:00:00+00:00,567.7,574.68,564.8,572.44,12807206.0,198226.0,571.248672
META,2024-10-01 04:00:00+00:00,577.98,583.04,570.1,576.47,15259274.0,275136.0,576.889206
META,2024-10-02 04:00:00+00:00,574.86,576.0,569.34,572.81,6524650.0,160973.0,572.938782
META,2024-10-03 04:00:00+00:00,570.15,583.36,568.73,582.77,11580980.0,219869.0,578.998392
META,2024-10-04 04:00:00+00:00,583.73,596.85,581.43,595.94,14199788.0,262851.0,589.800604
META,2024-10-07 04:00:00+00:00,598.22,602.95,584.04,584.78,12014198.0,260097.0,591.617871
META,2024-10-08 04:00:00+00:00,589.69,593.56,585.97,592.89,7857377.0,165549.0,590.710807
META,2024-10-09 04:00:00+00:00,593.99,594.39,581.61,590.51,9529707.0,216196.0,588.030935
META,2024-10-10 04:00:00+00:00,587.57,590.23,582.52,583.83,7740449.0,172252.0,585.638842
META,2024-10-11 04:00:00+00:00,584.83,591.21,582.71,589.95,8587051.0,175528.0,587.729266
META,2024-10-14 04:00:00+00:00,594.22,600.1,589.96,590.42,8251971.0,190703.0,593.786951
META,2024-10-15 04:00:00+00:00,590.16,590.61,580.143,586.27,9564236.0,215267.0,585.210052
META,2024-10-16 04:00:00+00:00,581.395,582.08,574.03,576.79,11268384.0,233780.0,576.761019
META,2024-10-17 04:00:00+00:00,583.33,584.97,575.2,576.93,8701158.0,173524.0,578.46022
META,2024-10-18 04:00:00+00:00,581.1,583.9675,575.25,576.47,7694274.0,153979.0,579.280152
META,2024-10-21 04:00:00+00:00,576.03,577.2399,569.11,575.16,8171879.0,180549.0,573.318448
META,2024-10-22 04:00:00+00:00,574.29,583.53,572.12,582.01,8544463.0,169579.0,579.435339
META,2024-10-23 04:00:00+00:00,579.97,585.0,562.5,563.69,14248419.0,276890.0,569.431518
META,2024-10-24 04:00:00+00:00,567.125,568.8799,561.52,567.78,7184651.0,163321.0,566.540002
META,2024-10-25 04:00:00+00:00,573.935,581.29,571.72,573.25,11337874.0,211240.0,575.638823
META,2024-10-28 04:00:00+00:00,582.0,583.7499,574.12,578.16,10925131.0,205653.0,577.932283
META,2024-10-29 04:00:00+00:00,580.145,593.67,575.398,593.28,13019092.0,260631.0,588.057594
META,2024-10-30 04:00:00+00:00,600.98,601.2,589.38,591.8,26864925.0,549276.0,595.07717
META,2024-10-31 04:00:00+00:00,585.0,589.9,563.01,567.58,26838395.0,516258.0,572.58367
META,2024-11-01 04:00:00+00:00,567.605,573.67,562.56,567.16,15303235.0,288091.0,568.879567
META,2024-11-04 05:00:00+00:00,564.1,568.69,557.89,560.68,12064601.0,244774.0,562.545104
META,2024-11-05 05:00:00+00:00,567.305,573.48,566.67,572.43,9775379.0,187604.0,570.897915
META,2024-11-06 05:00:00+00:00,562.75,573.0,555.1679,572.05,18305429.0,386439.0,566.17595
META,2024-11-07 05:00:00+00:00,576.89,594.7999,575.21,591.7,14653708.0,311945.0,589.370414
META,2024-11-08 05:00:00+00:00,591.54,593.1,584.52,589.34,9415699.0,206210.0,588.271017
META,2024-11-11 05:00:00+00:00,586.36,587.0,576.51,583.17,10209051.0,218814.0,581.746893
META,2024-11-12 05:00:00+00:00,588.545,599.66,580.38,584.82,16287724.0,317132.0,587.673883
META,2024-11-13 05:00:00+00:00,582.605,585.64,575.17,580.0,10757583.0,207528.0,580.635007
META,2024-11-14 05:00:00+00:00,577.0,580.76,573.01,577.16,11053743.0,189141.0,576.619312
META,2024-11-15 05:00:00+00:00,571.22,572.57,551.5,554.08,17712864.0,339379.0,558.283141
META,2024-11-18 05:00:00+00:00,557.04,559.9,550.09,554.4,14349882.0,247327.0,554.921523
META,2024-11-19 05:00:00+00:00,551.86,561.43,550.6,561.09,9522445.0,166827.0,557.087547
META,2024-11-20 05:00:00+00:00,562.93,566.3499,554.2001,565.52,9777015.0,183935.0,562.735889
META,2024-11-21 05:00:00+00:00,569.52,570.0,549.05,563.09,11154749.0,228107.0,559.426818
META,2024-11-22 05:00:00+00:00,563.55,563.8273,554.59,559.14,9164004.0,194672.0,558.738589
META,2024-11-25 05:00:00+00:00,562.1,572.5915,556.39,565.11,13599830.0,212359.0,564.460056
META,2024-11-26 05:00:00+00:00,566.0,577.5,565.2,573.54,10356550.0,191661.0,573.045025
META,2024-11-27 05:00:00+00:00,574.89,574.98,564.1001,569.2,7200228.0,143981.0,568.596955
META,2024-11-29 05:00:00+00:00,569.0,578.46,566.9,574.32,7130519.0,130043.0,574.09979
META,2024-12-02 05:00:00+00:00,577.5,594.5,575.57,592.83,12522371.0,245023.0,589.841875
META,2024-12-03 05:00:00+00:00,595.0,614.2,591.2501,613.65,14907164.0,295852.0,605.948233
META,2024-12-04 05:00:00+00:00,612.96,617.78,605.1,613.78,14697006.0,271514.0,611.983757
META,2024-12-05 05:00:00+00:00,617.075,619.9,607.05,608.93,8081212.0,184364.0,611.060997
META,2024-12-06 05:00:00+00:00,610.1,629.7899,608.53,623.77,16943420.0,279559.0,622.628633
META,2024-12-09 05:00:00+00:00,623.925,626.4,606.1701,613.57,11426015.0,257040.0,614.25293
META,2024-12-10 05:00:00+00:00,617.56,625.59,612.74,619.32,10938854.0,211246.0,619.488103
META,2024-12-11 05:00:00+00:00,623.37,638.4,621.5349,632.68,10837228.0,241989.0,633.125655
META,2024-12-12 05:00:00+00:00,631.5,636.6599,627.2094,630.79,7474717.0,189687.0,631.875488
META,2024-12-13 05:00:00+00:00,627.22,631.08,616.886,620.35,8453349.0,205799.0,621.627736
META,2024-12-16 05:00:00+00:00,629.975,631.15,618.58,624.24,10885625.0,242913.0,624.850961
META,2024-12-17 05:00:00+00:00,626.17,632.37,616.54,619.44,12897842.0,249660.0,621.54325
META,2024-12-18 05:00:00+00:00,621.0,627.36,596.32,597.19,17075480.0,318022.0,610.94533
META,2024-12-19 05:00:00+00:00,610.39,611.52,595.0,595.57,14958082.0,284487.0,601.381205
META,2024-12-20 05:00:00+00:00,590.58,603.11,580.0,585.25,48989390.0,317394.0,587.995318
META,2024-12-23 05:00:00+00:00,589.6,601.09,586.25,599.85,10205750.0,232826.0,595.791232
META,2024-12-24 05:00:00+00:00,602.715,607.99,599.2849,607.75,4726056.0,121225.0,605.084714
META,2024-12-26 05:00:00+00:00,605.48,606.3,598.94,603.35,6091239.0,168513.0,603.074926
META,2024-12-27 05:00:00+00:00,599.41,601.85,589.8,599.81,8084229.0,202554.0,596.003144
META,2024-12-30 05:00:00+00:00,588.75,596.9399,585.58,591.24,7025864.0,190972.0,591.517815
META,2024-12-31 05:00:00+00:00,592.265,593.97,583.85,585.51,6019520.0,151474.0,587.789949
META,2025-01-02 05:00:00+00:00,589.72,604.91,587.82,599.24,12682269.0,248322.0,596.904149
META,2025-01-03 05:00:00+00:00,604.76,609.5,596.4136,604.63,11436784.0,220346.0,603.230194
META,2025-01-06 05:00:00+00:00,611.825,630.99,605.62,630.2,14560754.0,301412.0,622.11867
META,2025-01-07 05:00:00+00:00,631.7,632.1011,608.23,617.89,12071479.0,283114.0,618.729172
META,2025-01-08 05:00:00+00:00,613.395,616.4397,602.79,610.72,10085846.0,226180.0,610.917623
MSFT,2024-09-10 04:00:00+00:00,408.2,416.33,407.7,414.2,19594287.0,366321.0,413.213755
MSFT,2024-09-11 04:00:00+00:00,415.5,423.99,409.58,423.04,19266923.0,375561.0,418.970668
MSFT,2024-09-12 04:00:00+00:00,423.31,427.3692,419.75,427.0,17418759.0,366812.0,424.492924
MSFT,2024-09-13 04:00:00+00:00,425.825,431.83,425.46,430.59,15874555.0,318566.0,429.690696
MSFT,2024-09-16 04:00:00+00:00,430.6,433.53,428.22,431.34,13834697.0,348083.0,430.881276
MSFT,2024-09-17 04:00:00+00:00,440.23,441.85,432.27,435.15,18874231.0,408698.0,436.454382
MSFT,2024-09-18 04:00:00+00:00,435.0,436.03,430.41,430.81,18898042.0,372054.0,432.139147
MSFT,2024-09-19 04:00:00+00:00,441.225,441.5,436.9,438.69,21706559.0,381618.0,438.977726
MSFT,2024-09-20 04:00:00+00:00,437.22,439.24,434.22,435.27,55167106.0,336295.0,435.802902
MSFT,2024-09-23 04:00:00+00:00,434.28,436.46,430.3889,433.51,15128891.0,295250.0,433.65312
MSFT,2024-09-24 04:00:00+00:00,433.0,433.35,426.1,429.17,17015754.0,339671.0,429.141514
MSFT,2024-09-25 04:00:00+00:00,429.83,433.119,428.57,432.11,13396364.0,285258.0,431.56663
MSFT,2024-09-26 04:00:00+00:00,435.085,435.3,429.13,431.31,14492044.0,265509.0,431.162307
MSFT,2024-09-27 04:00:00+00:00,431.52,431.85,427.47,428.02,14896131.0,285452.0,428.943152
MSFT,2024-09-30 04:00:00+00:00,428.21,430.42,425.37,430.3,16854606.0,331755.0,428.958714
MSFT,2024-10-01 04:00:00+00:00,428.45,428.48,418.81,420.69,19092945.0,426465.0,421.650649
MSFT,2024-10-02 04:00:00+00:00,422.58,422.82,416.71,417.13,16582257.0,365271.0,418.055352
MSFT,2024-10-03 04:00:00+00:00,417.63,419.55,414.29,416.54,13686421.0,315114.0,416.65713
MSFT,2024-10-04 04:00:00+00:00,418.24,419.75,414.97,416.06,19190913.0,356081.0,416.784073
MSFT,2024-10-07 04:00:00+00:00,416.0,417.11,409.0,409.54,20919761.0,442060.0,412.36213
MSFT,2024-10-08 04:00:00+00:00,410.9,415.66,408.17,414.71,19229261.0,314547.0,413.570007
MSFT,2024-10-09 04:00:00+00:00,415.86,420.38,414.3,417.46,14974257.0,334168.0,417.568147
MSFT,2024-10-10 04:00:00+00:00,415.225,417.35,413.15,415.84,13848376.0,304247.0,415.566336
MSFT,2024-10-11 04:00:00+00:00,416.135,417.13,413.25,416.32,14144944.0,318356.0,415.583918
MSFT,2024-10-14 04:00:00+00:00,417.77,424.04,417.52,419.14,16653086.0,358012.0,420.119146
MSFT,2024-10-15 04:00:00+00:00,422.18,422.48,415.26,418.74,18900201.0,375124.0,418.273644
MSFT,2024-10-16 04:00:00+00:00,415.17,416.36,410.48,416.12,15508932.0,361156.0,414.840314
MSFT,2024-10-17 04:00:00+00:00,422.36,422.5,415.59,416.72,14820004.0,295684.0,417.517287
MSFT,2024-10-18 04:00:00+00:00,417.14,419.65,416.2601,418.16,17145317.0,275277.0,417.783896
MSFT,2024-10-21 04:00:00+00:00,416.12,418.96,413.7501,418.78,14206115.0,321051.0,417.137328
MSFT,2024-10-22 04:00:00+00:00,418.49,430.5793,418.04,427.51,25482197.0,447344.0,426.87388
MSFT,2024-10-23 04:00:00+00:00,430.855,431.08,422.53,424.6,19654379.0,396249.0,426.653593
MSFT,2024-10-24 04:00:00+00:00,425.325,425.9782,422.4,424.73,13581631.0,276493.0,424.577362
MSFT,2024-10-25 04:00:00+00:00,426.76,432.52,426.565,428.15,16899064.0,342363.0,429.376213
MSFT,2024-10-28 04:00:00+00:00,431.655,431.94,426.3,426.59,14882444.0,354173.0,427.937602
MSFT,2024-10-29 04:00:00+00:00,428.0,433.17,425.8001,431.95,17644080.0,340970.0,430.897844
MSFT,2024-10-30 04:00:00+00:00,437.435,438.5,432.1,432.53,29749149.0,641185.0,434.860488
MSFT,2024-10-31 04:00:00+00:00,415.36,416.16,406.3,406.35,53970981.0,1064128.0,408.764871
MSFT,2024-11-01 04:00:00+00:00,409.01,415.5,407.5,410.37,24230442.0,493621.0,411.511387
MSFT,2024-11-04 05:00:00+00:00,409.8,410.415,405.5713,408.46,19672286.0,416117.0,408.275631
MSFT,2024-11-05 05:00:00+00:00,408.37,414.9,408.08,411.46,17626011.0,267936.0,411.974421
MSFT,2024-11-06 05:00:00+00:00,412.42,420.45,410.52,420.18,26681842.0,533383.0,417.929568
MSFT,2024-11-07 05:00:00+00:00,421.28,426.85,419.88,425.43,19901782.0,404175.0,424.425321
MSFT,2024-11-08 05:00:00+00:00,425.32,426.5,421.78,422.54,16891414.0,354091.0,423.353272
MSFT,2024-11-11 05:00:00+00:00,422.515,424.81,416.0,418.01,24503321.0,365322.0,419.232599
MSFT,2024-11-12 05:00:00+00:00,418.25,424.44,417.2,423.03,19401204.0,340411.0,421.719283
MSFT,2024-11-13 05:00:00+00:00,421.64,429.325,418.21,425.2,21502185.0,341868.0,424.460559
MSFT,2024-11-14 05:00:00+00:00,425.0,428.17,420.0,426.89,30246881.0,380238.0,426.052632
MSFT,2024-11-15 05:00:00+00:00,419.82,422.8,413.64,415.0,28247644.0,381330.0,416.34459
MSFT,2024-11-18 05:00:00+00:00,414.87,418.4037,412.1,415.76,24745055.0,282034.0,415.807298
MSFT,2024-11-19 05:00:00+00:00,413.11,417.94,411.55,417.79,18133529.0,276550.0,415.662588
MSFT,2024-11-20 05:00:00+00:00,416.87,417.29,410.58,415.49,19325534.0,284637.0,414.612761
MSFT,2024-11-21 05:00:00+00:00,419.5,419.78,410.2887,412.87,20780162.0,335479.0,413.725476
MSFT,2024-11-22 05:00:00+00:00,411.365,417.4,411.06,417.0,24814626.0,284577.0,415.3572
MSFT,2024-11-25 05:00:00+00:00,418.38,421.08,414.85,418.79,27691090.0,313167.0,418.022183
MSFT,2024-11-26 05:00:00+00:00,419.585,429.0414,418.85,427.99,23458889.0,347123.0,426.108112
MSFT,2024-11-27 05:00:00+00:00,425.105,427.2299,422.02,422.99,18332444.0,261034.0,423.778942
MSFT,2024-11-29 05:00:00+00:00,420.09,424.8849,417.8,423.46,16271921.0,210576.0,422.244491
MSFT,2024-12-02 05:00:00+00:00,421.57,433.0,421.31,430.98,20207223.0,334918.0,430.003125
MSFT,2024-12-03 05:00:00+00:00,429.84,432.47,427.74,431.2,18301987.0,268208.0,430.671583
MSFT,2024-12-04 05:00:00+00:00,433.03,439.67,432.63,437.42,26009429.0,350819.0,437.315164
MSFT,2024-12-05 05:00:00+00:00,437.92,444.66,436.171,442.62,21697775.0,328792.0,441.641311
MSFT,2024-12-06 05:00:00+00:00,442.3,446.1,441.7703,443.57,18821002.0,277267.0,443.74458
MSFT,2024-12-09 05:00:00+00:00,442.6,448.33,440.5,446.02,19144388.0,318830.0,445.510776
MSFT,2024-12-10 05:00:00+00:00,444.39,449.62,441.6,443.33,18469459.0,309314.0,444.68417
MSFT,2024-12-11 05:00:00+00:00,444.05,450.35,444.05,448.99,19200208.0,272368.0,448.495876
MSFT,2024-12-12 05:00:00+00:00,449.11,456.1648,449.11,449.56,20834779.0,319761.0,451.71932
MSFT,2024-12-13 05:00:00+00:00,448.435,451.43,445.58,447.27,20177833.0,272450.0,447.69755
MSFT,2024-12-16 05:00:00+00:00,447.27,452.18,445.28,451.59,23598834.0,317809.0,449.839903
MSFT,2024-12-17 05:00:00+00:00,451.01,455.29,449.57,454.46,22733494.0,320719.0,453.72714
MSFT,2024-12-18 05:00:00+00:00,451.32,452.65,437.02,437.39,24444545.0,390068.0,443.55921
MSFT,2024-12-19 05:00:00+00:00,441.62,443.1834,436.32,437.03,22963681.0,327735.0,438.931601
MSFT,2024-12-20 05:00:00+00:00,433.11,443.74,428.63,436.6,64263694.0,366000.0,435.994625
MSFT,2024-12-23 05:00:00+00:00,436.74,437.65,432.83,435.25,19152519.0,267110.0,435.026485
MSFT,2024-12-24 05:00:00+00:00,434.65,439.6,434.19,439.33,7164543.0,132584.0,438.086814
MSFT,2024-12-26 05:00:00+00:00,439.08,440.94,436.63,438.11,8199927.0,181124.0,438.603231
MSFT,2024-12-27 05:00:00+00:00,434.6,435.22,426.35,430.53,18117713.0,317976.0,429.843542
MSFT,2024-12-30 05:00:00+00:00,426.06,427.55,421.9,424.83,13158703.0,283674.0,425.150405
MSFT,2024-12-31 05:00:00+00:00,426.1,426.73,420.66,421.5,13246509.0,229686.0,422.385181
MSFT,2025-01-02 05:00:00+00:00,425.53,426.07,414.85,418.58,16896469.0,353076.0,419.698066
MSFT,2025-01-03 05:00:00+00:00,421.08,424.03,419.54,423.35,16662943.0,285046.0,422.518088
MSFT,2025-01-06 05:00:00+00:00,428.0,434.32,425.4774,427.85,20573648.0,372816.0,428.999489
MSFT,2025-01-07 05:00:00+00:00,429.0,430.65,420.8,422.37,18139065.0,299265.0,424.525247
MSFT,2025-01-08 05:00:00+00:00,423.46,426.97,421.54,424.56,15054575.0,249660.0,424.510336
